signal,n_edges,edge_rate,impact_mW,lift,spec,lvl_corr,max_hamming
x_aq_rtu_top/cp0_rtu_ex1_chgflw,0,0.0,0.0,0.0,0.0,,0
x_aq_rtu_top/cp0_rtu_ex1_chgflw_pc[39:0],0,0.0,0.0,0.0,0.0,,0
x_aq_rtu_top/cp0_rtu_ex1_cmplt,0,0.0,0.0,0.0,0.0,,0
x_aq_rtu_top/cp0_rtu_ex1_cmplt_dp,2,1.3906078346845406e-06,0.46457000000000004,1.5097749841535966,0.0,0.033822238622997956,1
x_aq_rtu_top/cp0_rtu_ex1_expt_tval[39:0],18,1.2515470512160866e-05,0.35094999999999993,1.140528942223356,0.5,0.033860120338950084,14
x_aq_rtu_top/cp0_rtu_ex1_expt_vec[4:0],9684,0.006733323135542545,0.4059062722015696,1.3191276571474053,0.0674308137133416,-0.08929816525234038,2
x_aq_rtu_top/cp0_rtu_ex1_expt_vld,0,0.0,0.0,0.0,0.0,,0
x_aq_rtu_top/cp0_rtu_ex1_flush,2,1.3906078346845406e-06,0.46457000000000004,1.5097749841535966,0.0,0.033822238622997956,1
x_aq_rtu_top/cp0_rtu_ex1_halt_info[21:0],18,1.2515470512160866e-05,0.35094999999999993,1.140528942223356,0.5,0.033854622151431916,2
x_aq_rtu_top/cp0_rtu_ex1_inst_dret,0,0.0,0.0,0.0,0.0,,0
x_aq_rtu_top/cp0_rtu_ex1_inst_ebreak,0,0.0,0.0,0.0,0.0,,0
x_aq_rtu_top/cp0_rtu_ex1_inst_len,118708,0.08253813741986622,0.42485935325336116,1.3807220081486118,0.09466927250058968,0.04137398501568497,1
x_aq_rtu_top/cp0_rtu_ex1_inst_mret,0,0.0,0.0,0.0,0.0,,0
x_aq_rtu_top/cp0_rtu_ex1_inst_split,6,4.1718235040536216e-06,0.28882666666666673,0.9386384744813544,0.0,0.006587814618236219,1
x_aq_rtu_top/cp0_rtu_ex1_inst_sret,0,0.0,0.0,0.0,0.0,,0
x_aq_rtu_top/cp0_rtu_ex1_vs_dirty,0,0.0,0.0,0.0,0.0,,0
x_aq_rtu_top/cp0_rtu_ex1_vs_dirty_dp,0,0.0,0.0,0.0,0.0,,0
x_aq_rtu_top/cp0_rtu_ex1_wb_data[63:0],20,1.3906078346845406e-05,0.36229849999999997,1.1774096736689232,0.35,0.0005015548080243205,7
x_aq_rtu_top/cp0_rtu_ex1_wb_dp,2,1.3906078346845406e-06,0.46457000000000004,1.5097749841535966,0.0,0.033822238622997956,1
x_aq_rtu_top/cp0_rtu_ex1_wb_preg[5:0],0,0.0,0.0,0.0,0.0,,0
x_aq_rtu_top/cp0_rtu_ex1_wb_vld,0,0.0,0.0,0.0,0.0,,0
x_aq_rtu_top/cp0_rtu_fence_idle,3,2.0859117520268108e-06,0.32191333333333333,1.0461646204708972,0.0,-0.0021031210387768657,1
x_aq_rtu_top/cp0_rtu_icg_en,0,0.0,0.0,0.0,0.0,,0
x_aq_rtu_top/cp0_rtu_in_lpmd,0,0.0,0.0,0.0,0.0,,0
x_aq_rtu_top/cp0_rtu_int_vld[14:0],0,0.0,0.0,0.0,0.0,,0
x_aq_rtu_top/cp0_rtu_trap_pc[39:0],4,2.781215669369081e-06,0.8159749999999999,2.6517826004579086,1.0,0.006761072653866012,6
x_aq_rtu_top/cp0_rtu_vstart_eq_0,0,0.0,0.0,0.0,0.0,,0
x_aq_rtu_top/cp0_yy_clk_en,1,6.953039173422703e-07,0.26019000000000003,0.8455740859868788,0.0,0.003091127269222047,1
x_aq_rtu_top/cpurst_b,3,2.0859117520268108e-06,0.13150000000000003,0.4273530585621068,0.0,0.003696138795964968,1
x_aq_rtu_top/dtu_rtu_async_halt_req,0,0.0,0.0,0.0,0.0,,0
x_aq_rtu_top/dtu_rtu_dpc[63:0],0,0.0,0.0,0.0,0.0,,0
x_aq_rtu_top/dtu_rtu_ebreak_action,0,0.0,0.0,0.0,0.0,,0
x_aq_rtu_top/dtu_rtu_int_mask,0,0.0,0.0,0.0,0.0,,0
x_aq_rtu_top/dtu_rtu_pending_tval[63:0],0,0.0,0.0,0.0,0.0,,0
x_aq_rtu_top/dtu_rtu_resume_req,0,0.0,0.0,0.0,0.0,,0
x_aq_rtu_top/dtu_rtu_step_en,0,0.0,0.0,0.0,0.0,,0
x_aq_rtu_top/dtu_rtu_sync_flush,0,0.0,0.0,0.0,0.0,,0
x_aq_rtu_top/dtu_rtu_sync_halt_req,0,0.0,0.0,0.0,0.0,,0
x_aq_rtu_top/forever_cpuclk,0,0.0,0.0,0.0,0.0,,0
x_aq_rtu_top/hpcp_rtu_cnt_en,1,6.953039173422703e-07,0.26019000000000003,0.8455740859868788,0.0,0.003091127269222047,1
x_aq_rtu_top/ifu_rtu_reset_halt_req,0,0.0,0.0,0.0,0.0,,0
x_aq_rtu_top/ifu_rtu_warm_up,2,1.3906078346845406e-06,0.7062949999999999,2.295340901118807,0.0,0.0025011227015259096,1
x_aq_rtu_top/iu_rtu_depd_lsu_chgflow_vld,0,0.0,0.0,0.0,0.0,,0
x_aq_rtu_top/iu_rtu_depd_lsu_next_pc[39:0],56,3.8937019371167136e-05,0.40145196428571434,1.3046518996446057,0.0,-0.06199952368973765,13
x_aq_rtu_top/iu_rtu_div_data[63:0],8,5.562431338738162e-06,0.2786687500000001,0.9056269402142898,0.0,-0.2649929513304792,7
x_aq_rtu_top/iu_rtu_div_preg[5:0],2,1.3906078346845406e-06,0.39771,1.2924911400816386,0.0,-0.26499786559663824,3
x_aq_rtu_top/iu_rtu_div_wb_dp,0,0.0,0.0,0.0,0.0,,0
x_aq_rtu_top/iu_rtu_div_wb_vld,0,0.0,0.0,0.0,0.0,,0
x_aq_rtu_top/iu_rtu_ex1_alu_cmplt,27125,0.01886011875790908,0.44426448294930876,1.4437854418167302,0.024147465437788018,0.14592481888963013,1
x_aq_rtu_top/iu_rtu_ex1_alu_cmplt_dp,27127,0.018861509365743767,0.444251695727504,1.443743885479477,0.024182548752165738,0.14592914349328753,1
x_aq_rtu_top/iu_rtu_ex1_alu_data[63:0],189799,0.13196798820764558,0.4241684691173294,1.3784767499840094,0.09123335739387457,,55
x_aq_rtu_top/iu_rtu_ex1_alu_inst_len,118708,0.08253813741986622,0.42485935325336116,1.3807220081486118,0.09466927250058968,0.04137398501568497,1
x_aq_rtu_top/iu_rtu_ex1_alu_inst_split,6,4.1718235040536216e-06,0.28882666666666673,0.9386384744813544,0.0,0.006587814618236219,1
x_aq_rtu_top/iu_rtu_ex1_alu_preg[5:0],349438,0.24296561026824826,0.4150244523778181,1.3487602213058858,0.06497289934122791,-0.09725966713518741,5
x_aq_rtu_top/iu_rtu_ex1_alu_wb_dp,27127,0.018861509365743767,0.444251695727504,1.443743885479477,0.024182548752165738,0.14592914349328753,1
x_aq_rtu_top/iu_rtu_ex1_alu_wb_vld,27125,0.01886011875790908,0.44426448294930876,1.4437854418167302,0.024147465437788018,0.14592481888963013,1
x_aq_rtu_top/iu_rtu_ex1_bju_cmplt,21594,0.015014392791088986,0.4552248731129018,1.4794048810520573,0.09127535426507363,0.006384571794833068,1
x_aq_rtu_top/iu_rtu_ex1_bju_cmplt_dp,21626,0.015036642516443937,0.45506139415518354,1.4788736017167612,0.09114029409044669,0.006545580003845552,1
x_aq_rtu_top/iu_rtu_ex1_bju_data[63:0],252438,0.17552113028604804,0.37430042097465516,1.2164139142555361,0.04499718742820019,0.04121224276116281,54
x_aq_rtu_top/iu_rtu_ex1_bju_inst_len,118712,0.08254091863553559,0.42486253593571,1.3807323513351988,0.09467450636835366,0.041525131944441754,1
x_aq_rtu_top/iu_rtu_ex1_bju_preg[5:0],349438,0.24296561026824826,0.4150244523778181,1.3487602213058858,0.06497289934122791,-0.09725966713518741,5
x_aq_rtu_top/iu_rtu_ex1_bju_wb_dp,170,0.00011820166594818595,0.4179199411764706,1.358170076774604,0.03529411764705882,0.010082151357344625,1
x_aq_rtu_top/iu_rtu_ex1_bju_wb_vld,170,0.00011820166594818595,0.4179199411764706,1.358170076774604,0.03529411764705882,0.010082151357344625,1
x_aq_rtu_top/iu_rtu_ex1_branch_inst,5476,0.0038074842513662723,0.34893310810810807,1.1339743801032869,0.004747991234477721,0.001552289497717534,1
x_aq_rtu_top/iu_rtu_ex1_cur_pc[39:0],641714,0.44618625801337763,0.4097239749826247,1.3315345541828802,0.05864918016437229,0.15843801471026583,15
x_aq_rtu_top/iu_rtu_ex1_div_cmplt,0,0.0,0.0,0.0,0.0,,0
x_aq_rtu_top/iu_rtu_ex1_div_cmplt_dp,0,0.0,0.0,0.0,0.0,,0
x_aq_rtu_top/iu_rtu_ex1_mul_cmplt,0,0.0,0.0,0.0,0.0,,0
x_aq_rtu_top/iu_rtu_ex1_mul_cmplt_dp,0,0.0,0.0,0.0,0.0,,0
x_aq_rtu_top/iu_rtu_ex1_next_pc[39:0],696003,0.48393361238197213,0.38432510489466276,1.2489924643265142,0.058081646199800864,0.15841850799608242,15
x_aq_rtu_top/iu_rtu_ex2_bju_ras_mispred,0,0.0,0.0,0.0,0.0,,0
x_aq_rtu_top/iu_rtu_ex3_mul_data[63:0],70,4.867127421395892e-05,0.4325375714285714,1.4056749360686365,0.014285714285714285,0.0047686550841989014,5
x_aq_rtu_top/iu_rtu_ex3_mul_preg[5:0],17,1.1820166594818595e-05,0.4654988235294118,1.5127935056452966,0.0,-0.26584621859066676,3
x_aq_rtu_top/iu_rtu_ex3_mul_wb_vld,4,2.781215669369081e-06,0.30256250000000007,0.9832776409216536,0.0,0.0015079177872129757,1
x_aq_rtu_top/iu_xx_no_op,125082,0.08697000458900585,0.26293243285204904,0.854486535167292,0.05594729857213668,-0.3938580845060004,1
x_aq_rtu_top/lsu_rtu_async_expt_vld,0,0.0,0.0,0.0,0.0,,0
x_aq_rtu_top/lsu_rtu_async_ld_inst,0,0.0,0.0,0.0,0.0,,0
x_aq_rtu_top/lsu_rtu_async_tval[39:0],0,0.0,0.0,0.0,0.0,,0
x_aq_rtu_top/lsu_rtu_ex1_buffer_vld,6418,0.0044624605415026905,0.38704445621689,1.2578299023862762,0.0035836709255219696,0.2682401361771512,1
x_aq_rtu_top/lsu_rtu_ex1_cmplt,41716,0.02900529821585015,0.3947781954166267,1.2829632643720492,0.013543963946687122,0.07262671316198972,1
x_aq_rtu_top/lsu_rtu_ex1_cmplt_dp,49990,0.03475824282794009,0.3964567445489098,1.288418268977585,0.01248249649929986,0.2891446867461946,1
x_aq_rtu_top/lsu_rtu_ex1_cmplt_for_pcgen,41716,0.02900529821585015,0.3947781954166267,1.2829632643720492,0.013543963946687122,0.07262671316198972,1
x_aq_rtu_top/lsu_rtu_ex1_data[63:0],665068,0.462424385698989,0.38339238965338884,1.2459612954206138,0.054059133802859254,,58
x_aq_rtu_top/lsu_rtu_ex1_dest_reg[5:0],442374,0.30758437513036946,0.39638764723966596,1.288193714251777,0.05795548562980645,0.13823970876712818,5
x_aq_rtu_top/lsu_rtu_ex1_expt_tval[39:0],345284,0.24007731779560845,0.4200970148341655,1.3652452029063982,0.06317118661739322,-0.05276672245151777,37
x_aq_rtu_top/lsu_rtu_ex1_expt_vec[4:0],0,0.0,0.0,0.0,0.0,,0
x_aq_rtu_top/lsu_rtu_ex1_expt_vld,0,0.0,0.0,0.0,0.0,,0
x_aq_rtu_top/lsu_rtu_ex1_fs_dirty,13598,0.009454742668020192,0.525829877923224,1.708859365884631,0.09773496102367996,-0.050941306661365544,1
x_aq_rtu_top/lsu_rtu_ex1_halt_info[21:0],2,1.3906078346845406e-06,0.16978500000000002,0.5517729205168616,0.0,0.003166361236718352,2
x_aq_rtu_top/lsu_rtu_ex1_inst_len,118912,0.08267997941900404,0.42478803986141017,1.38049025152377,0.09465823466092572,0.03930604109602982,1
x_aq_rtu_top/lsu_rtu_ex1_inst_split,20,1.3906078346845406e-05,0.35130350000000005,1.1416777582400994,0.0,0.015165626842254351,1
x_aq_rtu_top/lsu_rtu_ex1_tval2_vld,1,6.953039173422703e-07,0.07938,0.2579717550468444,0.0,0.0031657485111133495,1
x_aq_rtu_top/lsu_rtu_ex1_vs_dirty,2904,0.002019162575961953,0.46176297176308545,1.5006526107504357,0.39118457300275483,-0.06341999490345912,1
x_aq_rtu_top/lsu_rtu_ex1_vstart[6:0],0,0.0,0.0,0.0,0.0,,0
x_aq_rtu_top/lsu_rtu_ex1_vstart_vld,0,0.0,0.0,0.0,0.0,,0
x_aq_rtu_top/lsu_rtu_ex1_wb_dp,20,1.3906078346845406e-05,0.4705655,1.529259358774198,0.25,0.007620260592628842,1
x_aq_rtu_top/lsu_rtu_ex1_wb_vld,4,2.781215669369081e-06,0.23666000000000006,0.769105512085994,0.0,0.0021211852746340393,1
x_aq_rtu_top/lsu_rtu_ex2_data[63:0],162972,0.11331507001710447,0.4396805918194536,1.4288885604900434,0.07668188400461429,,55
x_aq_rtu_top/lsu_rtu_ex2_data_vld,320,0.0002224972535495265,0.38780634375000006,1.2603059097441085,0.0125,0.012049933190252089,1
x_aq_rtu_top/lsu_rtu_ex2_dest_reg[5:0],101617,0.07065469816856948,0.43000122026826226,1.3974322180006087,0.04951927334993161,-0.12038903515464862,5
x_aq_rtu_top/lsu_rtu_ex2_tval2[39:0],0,0.0,0.0,0.0,0.0,,0
x_aq_rtu_top/lsu_rtu_no_op,169309,0.11772121094130245,0.4208889032479077,1.3678187081204864,0.07114211294142662,-0.6233039061780871,1
x_aq_rtu_top/lsu_rtu_wb_data[63:0],184791,0.12848590618959546,0.44901961621507547,1.4592388315125158,0.08326704222608244,,54
x_aq_rtu_top/lsu_rtu_wb_dest_reg[5:0],101570,0.0706220188844544,0.44230601388205176,1.4374207441285813,0.051580191001279904,-0.1243402032791186,5
x_aq_rtu_top/lsu_rtu_wb_vld,320,0.0002224972535495265,0.41600134375,1.3519349552662268,0.015625,0.015946879851041866,1
x_aq_rtu_top/mmu_xx_mmu_en,0,0.0,0.0,0.0,0.0,,0
x_aq_rtu_top/pad_yy_icg_scan_en,0,0.0,0.0,0.0,0.0,,0
x_aq_rtu_top/rtu_cp0_epc[63:0],641828,0.44626552265995467,0.40993440641729567,1.3322184212340153,0.058654343531288754,0.15844921743343077,15
x_aq_rtu_top/rtu_cp0_exit_debug,0,0.0,0.0,0.0,0.0,,0
x_aq_rtu_top/rtu_cp0_fflags[4:0],1010,0.000702256956515693,0.20886021782178218,0.6787608585405813,0.031683168316831684,-0.021367478272612248,1
x_aq_rtu_top/rtu_cp0_fflags_updt,0,0.0,0.0,0.0,0.0,,0
x_aq_rtu_top/rtu_cp0_fs_dirty_updt,61052,0.04244969476158029,0.4032207113608072,1.310400032514292,0.10109414924981983,0.1275111415086882,1
x_aq_rtu_top/rtu_cp0_fs_dirty_updt_dp,61052,0.04244969476158029,0.4032207113608072,1.310400032514292,0.10109414924981983,0.1275111415086882,1
x_aq_rtu_top/rtu_cp0_tval[63:0],0,0.0,0.0,0.0,0.0,,0
x_aq_rtu_top/rtu_cp0_vl[7:0],0,0.0,0.0,0.0,0.0,,0
x_aq_rtu_top/rtu_cp0_vl_vld,0,0.0,0.0,0.0,0.0,,0
x_aq_rtu_top/rtu_cp0_vs_dirty_updt,0,0.0,0.0,0.0,0.0,,0
x_aq_rtu_top/rtu_cp0_vs_dirty_updt_dp,0,0.0,0.0,0.0,0.0,,0
x_aq_rtu_top/rtu_cp0_vstart[6:0],0,0.0,0.0,0.0,0.0,,0
x_aq_rtu_top/rtu_cp0_vstart_vld,0,0.0,0.0,0.0,0.0,,0
x_aq_rtu_top/rtu_cp0_vxsat,0,0.0,0.0,0.0,0.0,,0
x_aq_rtu_top/rtu_cp0_vxsat_vld,0,0.0,0.0,0.0,0.0,,0
x_aq_rtu_top/rtu_cpu_no_retire,0,0.0,0.0,0.0,0.0,,0
x_aq_rtu_top/rtu_dtu_debug_info[14:0],842688,0.5859242674973231,0.3433016712377534,1.1156731499082642,0.04820882699172173,0.6101567122425464,7
x_aq_rtu_top/rtu_dtu_dpc[63:0],641782,0.4462335386797569,0.4099302637998573,1.3322049584185574,0.05865698944501404,0.15818991768158883,15
x_aq_rtu_top/rtu_dtu_halt_ack,0,0.0,0.0,0.0,0.0,,0
x_aq_rtu_top/rtu_dtu_pending_ack,0,0.0,0.0,0.0,0.0,,0
x_aq_rtu_top/rtu_dtu_retire_chgflw,35790,0.024884927201679855,0.4305615046102263,1.3992530486257249,0.08960603520536463,-0.15053374904077152,1
x_aq_rtu_top/rtu_dtu_retire_debug_expt_vld,0,0.0,0.0,0.0,0.0,,0
x_aq_rtu_top/rtu_dtu_retire_halt_info[21:0],1,6.953039173422703e-07,0.26019000000000003,0.8455740859868788,0.0,0.003091127269222047,1
x_aq_rtu_top/rtu_dtu_retire_mret,0,0.0,0.0,0.0,0.0,,0
x_aq_rtu_top/rtu_dtu_retire_next_pc[39:0],641828,0.44626552265995467,0.40993440641729567,1.3322184212340153,0.058654343531288754,0.15844921743343077,15
x_aq_rtu_top/rtu_dtu_retire_sret,0,0.0,0.0,0.0,0.0,,0
x_aq_rtu_top/rtu_dtu_retire_vld,140199,0.09748091390746895,0.4377557465459811,1.4226331345213947,0.08619890298789577,0.6283542589296277,1
x_aq_rtu_top/rtu_dtu_tval[63:0],641782,0.4462335386797569,0.4099302637998573,1.3322049584185574,0.05865698944501404,0.15818991768158883,15
x_aq_rtu_top/rtu_hpcp_int_vld,0,0.0,0.0,0.0,0.0,,0
x_aq_rtu_top/rtu_hpcp_retire_inst_vld,140199,0.09748091390746895,0.4377557465459811,1.4226331345213947,0.08619890298789577,0.6283542589296277,1
x_aq_rtu_top/rtu_hpcp_retire_pc[39:0],641782,0.4462335386797569,0.4099302637998573,1.3322049584185574,0.05865698944501404,0.15818991768158883,15
x_aq_rtu_top/rtu_idu_commit,135,9.38660288412065e-05,0.34985170370370366,1.1369596625166667,0.14814814814814814,-0.005326643778562236,1
x_aq_rtu_top/rtu_idu_commit_for_bju,135,9.38660288412065e-05,0.36663192592592597,1.1914925848742222,0.16296296296296298,-0.005181832981192915,1
x_aq_rtu_top/rtu_idu_flush_fe,0,0.0,0.0,0.0,0.0,,0
x_aq_rtu_top/rtu_idu_flush_stall,24,1.6687294016214486e-05,0.23943374999999997,0.7781197367718237,0.08333333333333333,-0.0064015501231923086,1
x_aq_rtu_top/rtu_idu_flush_wbt,0,0.0,0.0,0.0,0.0,,0
x_aq_rtu_top/rtu_idu_fwd0_data[63:0],258944,0.18004477757227685,0.4253238799894958,1.3822316425324217,0.08118743821057835,0.21287544659923385,55
x_aq_rtu_top/rtu_idu_fwd0_reg[5:0],232421,0.1616032317726078,0.4240687622460966,1.3781527192890968,0.08460509162252981,0.5310537168100335,5
x_aq_rtu_top/rtu_idu_fwd0_vld,63141,0.04390218464490829,0.4373128837047244,1.4211939041812078,0.03820021855846439,0.2763971485890406,1
x_aq_rtu_top/rtu_idu_fwd1_data[63:0],70,4.867127421395892e-05,0.4325375714285714,1.4056749360686365,0.014285714285714285,0.0047686550841989014,5
x_aq_rtu_top/rtu_idu_fwd1_reg[5:0],17,1.1820166594818595e-05,0.4654988235294118,1.5127935056452966,0.0,-0.26584621859066676,3
x_aq_rtu_top/rtu_idu_fwd1_vld,4,2.781215669369081e-06,0.30256250000000007,0.9832776409216536,0.0,0.0015079177872129757,1
x_aq_rtu_top/rtu_idu_fwd2_data[63:0],162972,0.11331507001710447,0.4396805918194536,1.4288885604900434,0.07668188400461429,,55
x_aq_rtu_top/rtu_idu_fwd2_reg[5:0],101617,0.07065469816856948,0.43000122026826226,1.3974322180006087,0.04951927334993161,-0.12038903515464862,5
x_aq_rtu_top/rtu_idu_fwd2_vld,320,0.0002224972535495265,0.38780634375000006,1.2603059097441085,0.0125,0.012049933190252089,1
x_aq_rtu_top/rtu_idu_pipeline_empty,25526,0.017748327794078794,0.20731243673117608,0.6737308282511889,0.07067303925409386,-0.1991395719323998,1
x_aq_rtu_top/rtu_idu_wb0_data[63:0],264237,0.18372502120676948,0.44378166119809115,1.442216351686516,0.07916378099963291,0.14804062242521343,55
x_aq_rtu_top/rtu_idu_wb0_reg[5:0],343554,0.23887444201860633,0.3945999876875251,1.282384118987327,0.06382111691320724,0.3616145961881848,5
x_aq_rtu_top/rtu_idu_wb0_vld,88273,0.06137656269555423,0.43840614049596144,1.4247468063373216,0.03403079084204683,0.25177307505755886,1
x_aq_rtu_top/rtu_idu_wb1_data[63:0],184791,0.12848590618959546,0.44901961621507547,1.4592388315125158,0.08326704222608244,,54
x_aq_rtu_top/rtu_idu_wb1_reg[5:0],101570,0.0706220188844544,0.44230601388205176,1.4374207441285813,0.051580191001279904,-0.1243402032791186,5
x_aq_rtu_top/rtu_idu_wb1_vld,320,0.0002224972535495265,0.41600134375,1.3519349552662268,0.015625,0.015946879851041866,1
x_aq_rtu_top/rtu_ifu_chgflw_pc[39:0],641828,0.44626552265995467,0.40993440641729567,1.3322184212340153,0.058654343531288754,0.15844921743343077,15
x_aq_rtu_top/rtu_ifu_chgflw_vld,0,0.0,0.0,0.0,0.0,,0
x_aq_rtu_top/rtu_ifu_dbg_mask,0,0.0,0.0,0.0,0.0,,0
x_aq_rtu_top/rtu_ifu_flush_fe,0,0.0,0.0,0.0,0.0,,0
x_aq_rtu_top/rtu_iu_div_wb_grant,157476,0.10949367968739136,0.41115698582641164,1.3361916003201049,0.09281414310752115,-0.5732425221707065,1
x_aq_rtu_top/rtu_iu_div_wb_grant_for_full,0,0.0,0.0,0.0,0.0,,0
x_aq_rtu_top/rtu_iu_ex1_cmplt,139921,0.09728761941844781,0.42858088692905283,1.3928163716379556,0.084969375576218,0.6163731884064151,1
x_aq_rtu_top/rtu_iu_ex1_cmplt_dp,131449,0.09139700463072409,0.43056403236236107,1.3992612633983947,0.09021749880181668,0.7737456127996997,1
x_aq_rtu_top/rtu_iu_ex1_inst_len,106728,0.07420839649010583,0.44940391874672064,1.460487750617548,0.08188104340004497,0.5708750605358471,1
x_aq_rtu_top/rtu_iu_ex1_inst_split,20,1.3906078346845406e-05,0.35130350000000005,1.1416777582400994,0.0,0.015165626842254351,1
x_aq_rtu_top/rtu_iu_ex2_cur_pc[39:0],641782,0.4462335386797569,0.4099302637998573,1.3322049584185574,0.05865698944501404,0.15818991768158883,15
x_aq_rtu_top/rtu_iu_ex2_next_pc[39:0],641811,0.4462537024933598,0.4099384646134142,1.3322316096942701,0.05865589714105866,0.15844919498614296,15
x_aq_rtu_top/rtu_iu_mul_wb_grant,157480,0.10949646090306073,0.4111580478790958,1.3361950518141195,0.09281178562357124,-0.5732401564057102,1
x_aq_rtu_top/rtu_iu_mul_wb_grant_for_full,5,3.4765195867113516e-06,0.414414,1.3467763529350334,0.0,0.002517325581929354,1
x_aq_rtu_top/rtu_lsu_async_expt_ack,0,0.0,0.0,0.0,0.0,,0
x_aq_rtu_top/rtu_lsu_expt_ack,0,0.0,0.0,0.0,0.0,,0
x_aq_rtu_top/rtu_lsu_expt_exit,0,0.0,0.0,0.0,0.0,,0
x_aq_rtu_top/rtu_mmu_bad_vpn[26:0],0,0.0,0.0,0.0,0.0,,0
x_aq_rtu_top/rtu_mmu_expt_vld,0,0.0,0.0,0.0,0.0,,0
x_aq_rtu_top/rtu_pad_halted,0,0.0,0.0,0.0,0.0,,0
x_aq_rtu_top/rtu_pad_retire,139921,0.09728761941844781,0.43777226184775697,1.422686806496505,0.0863558722421938,0.6287617950057484,1
x_aq_rtu_top/rtu_pad_retire_pc[39:0],641782,0.4462335386797569,0.4099302637998573,1.3322049584185574,0.05865698944501404,0.15818991768158883,15
x_aq_rtu_top/rtu_vidu_flush_wbt,0,0.0,0.0,0.0,0.0,,0
x_aq_rtu_top/rtu_vpu_gpr_wb_grnt,157452,0.10947699239337515,0.4525707039605722,1.4707792741684889,0.09430175545563092,-0.6054544690829516,1
x_aq_rtu_top/rtu_yy_xx_async_flush,0,0.0,0.0,0.0,0.0,,0
x_aq_rtu_top/rtu_yy_xx_dbgon,0,0.0,0.0,0.0,0.0,,0
x_aq_rtu_top/rtu_yy_xx_expt_int,0,0.0,0.0,0.0,0.0,,0
x_aq_rtu_top/rtu_yy_xx_expt_vec[4:0],0,0.0,0.0,0.0,0.0,,0
x_aq_rtu_top/rtu_yy_xx_expt_vld,0,0.0,0.0,0.0,0.0,,0
x_aq_rtu_top/rtu_yy_xx_flush,0,0.0,0.0,0.0,0.0,,0
x_aq_rtu_top/rtu_yy_xx_flush_fe,0,0.0,0.0,0.0,0.0,,0
x_aq_rtu_top/vidu_rtu_no_op,67257,0.046764055568689074,0.28472330567821935,0.9253032359353665,0.0319223277874422,0.48211757147869694,1
x_aq_rtu_top/vlsu_rtu_vl_updt_data[7:0],0,0.0,0.0,0.0,0.0,,0
x_aq_rtu_top/vlsu_rtu_vl_updt_vld,0,0.0,0.0,0.0,0.0,,0
x_aq_rtu_top/vpu_rtu_ex1_cmplt,42262,0.029384934154719027,0.35141261369551846,1.1420323595443642,0.010884482513842223,0.035242311550679487,1
x_aq_rtu_top/vpu_rtu_ex1_cmplt_dp,42262,0.029384934154719027,0.35141261369551846,1.1420323595443642,0.010884482513842223,0.035242311550679487,1
x_aq_rtu_top/vpu_rtu_ex1_fp_dirty,67296,0.046791172421465424,0.37871305034474556,1.2307542234388755,0.007251545411317166,-0.4359858046273046,1
x_aq_rtu_top/vpu_rtu_ex1_vec_dirty,0,0.0,0.0,0.0,0.0,,0
x_aq_rtu_top/vpu_rtu_fflag[5:0],1010,0.000702256956515693,0.20886021782178218,0.6787608585405813,0.031683168316831684,-0.021367478272612248,1
x_aq_rtu_top/vpu_rtu_fflag_vld,0,0.0,0.0,0.0,0.0,,0
x_aq_rtu_top/vpu_rtu_gpr_wb_data[63:0],17808,0.01238197216003115,0.39341776898023356,1.2785421054477804,0.07176549865229111,-0.05142065958542155,53
x_aq_rtu_top/vpu_rtu_gpr_wb_index[5:0],98718,0.06863901211219424,0.296065801272311,0.9621644540635969,0.04226179622763832,-0.25429427400069937,2
x_aq_rtu_top/vpu_rtu_gpr_wb_req,0,0.0,0.0,0.0,0.0,,0
x_aq_rtu_top/vpu_rtu_no_op,107235,0.07456091557619836,0.40716326964144167,1.3232126890906302,0.05046859700657435,0.396567361980779,1
x_aq_rtu_top/async_select_next_pc,8901,0.006188900168263548,0.4052447680035951,1.3169778788792983,0.0103359173126615,-0.2785282508864903,1
x_aq_rtu_top/ctrl_dp_ex1_cmplt_dp,131449,0.09139700463072409,0.43056403236236107,1.3992612633983947,0.09021749880181668,0.7737456127996997,1
x_aq_rtu_top/ctrl_retire_ex2_retire_vld,139921,0.09728761941844781,0.43777226184775697,1.422686806496505,0.0863558722421938,0.6287617950057484,1
x_aq_rtu_top/ctrl_top_dbg_info,135,9.38660288412065e-05,0.34985170370370366,1.1369596625166667,0.14814814814814814,-0.005326643778562236,1
x_aq_rtu_top/dp_ctrl_ex1_cmplt_dp,131449,0.09139700463072409,0.43056403236236107,1.3992612633983947,0.09021749880181668,0.7737456127996997,1
x_aq_rtu_top/dp_int_ex2_inst_split,20,1.3906078346845406e-05,0.351406,1.1420108661374575,0.0,0.015055359156312148,1
x_aq_rtu_top/dp_misc_clk,0,0.0,0.0,0.0,0.0,,0
x_aq_rtu_top/dp_retire_ex2_cur_pc[39:0],641782,0.4462335386797569,0.4099302637998573,1.3322049584185574,0.05865698944501404,0.15818991768158883,15
x_aq_rtu_top/dp_retire_ex2_fs_dirty,910,0.000632726564781466,0.40073596703296704,1.302325028040928,0.03626373626373627,0.020409226408812858,1
x_aq_rtu_top/dp_retire_ex2_halt_info[21:0],222924,0.15499993046960828,0.4292925937987835,1.3951293002127012,0.05644524591340547,0.4857118726298823,2
x_aq_rtu_top/dp_retire_ex2_inst_branch,35790,0.024884927201679855,0.4305615046102263,1.3992530486257249,0.08960603520536463,-0.15053374904077152,1
x_aq_rtu_top/dp_retire_ex2_inst_chgflw,0,0.0,0.0,0.0,0.0,,0
x_aq_rtu_top/dp_retire_ex2_inst_dret,0,0.0,0.0,0.0,0.0,,0
x_aq_rtu_top/dp_retire_ex2_inst_ebreak,0,0.0,0.0,0.0,0.0,,0
x_aq_rtu_top/dp_retire_ex2_inst_expt,0,0.0,0.0,0.0,0.0,,0
x_aq_rtu_top/dp_retire_ex2_inst_flush,10,6.953039173422703e-06,0.651845,2.1183874863757906,0.3,0.031829575520094834,1
x_aq_rtu_top/dp_retire_ex2_inst_mret,0,0.0,0.0,0.0,0.0,,0
x_aq_rtu_top/dp_retire_ex2_inst_split,20,1.3906078346845406e-05,0.351406,1.1420108661374575,0.0,0.015055359156312148,1
x_aq_rtu_top/dp_retire_ex2_inst_sret,0,0.0,0.0,0.0,0.0,,0
x_aq_rtu_top/dp_retire_ex2_inst_vstart,0,0.0,0.0,0.0,0.0,,0
x_aq_rtu_top/dp_retire_ex2_next_pc[39:0],641828,0.44626552265995467,0.40993440641729567,1.3322184212340153,0.058654343531288754,0.15844921743343077,15
x_aq_rtu_top/dp_retire_ex2_tval[39:0],20,1.3906078346845406e-05,0.5703055,1.8533977166524074,0.45,0.01931128287903895,14
x_aq_rtu_top/dp_retire_ex2_vec[4:0],0,0.0,0.0,0.0,0.0,,0
x_aq_rtu_top/dp_retire_ex2_vs_dirty,0,0.0,0.0,0.0,0.0,,0
x_aq_rtu_top/dp_retire_ex2_vstart[6:0],0,0.0,0.0,0.0,0.0,,0
x_aq_rtu_top/dp_top_dbg_info[2:0],10,6.953039173422703e-06,0.651845,2.1183874863757906,0.3,0.031829575520094834,1
x_aq_rtu_top/int_retire_int_vec[4:0],0,0.0,0.0,0.0,0.0,,0
x_aq_rtu_top/int_retire_int_vld,0,0.0,0.0,0.0,0.0,,0
x_aq_rtu_top/rbus_wb_rbus_wb_data[63:0],259017,0.18009553475824283,0.42531548504538313,1.3822043603647942,0.081191582019713,0.21287544659924457,55
x_aq_rtu_top/rbus_wb_rbus_wb_dp,88285,0.061384906342562336,0.4164023534009175,1.3532381697212272,0.03318797077646259,0.2438083063182294,1
x_aq_rtu_top/rbus_wb_rbus_wb_preg[5:0],257564,0.17908525816634452,0.4311576944371108,1.4011905660858215,0.08418878414685282,0.4974144590467072,5
x_aq_rtu_top/rbus_wb_rbus_wb_vld,88273,0.06137656269555423,0.4163451568429758,1.3530522904514506,0.03307919748960611,0.241115484272865,1
x_aq_rtu_top/retire_ctrl_commit_clear,134,9.317072492386423e-05,0.5251699253731343,1.7067146302132494,0.26865671641791045,0.00693396323575912,1
x_aq_rtu_top/retire_ctrl_commit_clear_for_bju,100,6.953039173422703e-05,0.5442520000000001,1.7687281888102186,0.32,0.006840670852323258,1
x_aq_rtu_top/retire_rbus_fs_dirty,2,1.3906078346845406e-06,0.492885,1.60179400965311,0.0,0.0012587476560768438,1
x_aq_rtu_top/retire_rbus_vs_dirty,0,0.0,0.0,0.0,0.0,,0
x_aq_rtu_top/retire_top_dbg_info[10:0],817642,0.5685096855835686,0.34564524131832763,1.1232893616336486,0.04968555920561811,0.6101721413744392,6
x_aq_rtu_top/wb_retire_wb_no_op,243510,0.16931345691201624,0.37767415539402904,1.2273779881939064,0.06750030799556486,-0.40511378729052056,1
x_aq_rtu_top/x_aq_rtu_ctrl/cp0_rtu_ex1_cmplt,0,0.0,0.0,0.0,0.0,,0
x_aq_rtu_top/x_aq_rtu_ctrl/cp0_rtu_icg_en,0,0.0,0.0,0.0,0.0,,0
x_aq_rtu_top/x_aq_rtu_ctrl/cp0_yy_clk_en,1,6.953039173422703e-07,0.26019000000000003,0.8455740859868788,0.0,0.003091127269222047,1
x_aq_rtu_top/x_aq_rtu_ctrl/cpurst_b,3,2.0859117520268108e-06,0.13150000000000003,0.4273530585621068,0.0,0.003696138795964968,1
x_aq_rtu_top/x_aq_rtu_ctrl/ctrl_dp_ex1_cmplt_dp,131449,0.09139700463072409,0.43056403236236107,1.3992612633983947,0.09021749880181668,0.7737456127996997,1
x_aq_rtu_top/x_aq_rtu_ctrl/ctrl_retire_ex2_retire_vld,139921,0.09728761941844781,0.43777226184775697,1.422686806496505,0.0863558722421938,0.6287617950057484,1
x_aq_rtu_top/x_aq_rtu_ctrl/ctrl_top_dbg_info,135,9.38660288412065e-05,0.34985170370370366,1.1369596625166667,0.14814814814814814,-0.005326643778562236,1
x_aq_rtu_top/x_aq_rtu_ctrl/dp_ctrl_ex1_cmplt_dp,131449,0.09139700463072409,0.43056403236236107,1.3992612633983947,0.09021749880181668,0.7737456127996997,1
x_aq_rtu_top/x_aq_rtu_ctrl/dp_misc_clk,0,0.0,0.0,0.0,0.0,,0
x_aq_rtu_top/x_aq_rtu_ctrl/forever_cpuclk,0,0.0,0.0,0.0,0.0,,0
x_aq_rtu_top/x_aq_rtu_ctrl/ifu_rtu_warm_up,2,1.3906078346845406e-06,0.7062949999999999,2.295340901118807,0.0,0.0025011227015259096,1
x_aq_rtu_top/x_aq_rtu_ctrl/iu_rtu_ex1_alu_cmplt,27125,0.01886011875790908,0.44426448294930876,1.4437854418167302,0.024147465437788018,0.14592481888963013,1
x_aq_rtu_top/x_aq_rtu_ctrl/iu_rtu_ex1_bju_cmplt,21594,0.015014392791088986,0.4552248731129018,1.4794048810520573,0.09127535426507363,0.006384571794833068,1
x_aq_rtu_top/x_aq_rtu_ctrl/iu_rtu_ex1_div_cmplt,0,0.0,0.0,0.0,0.0,,0
x_aq_rtu_top/x_aq_rtu_ctrl/iu_rtu_ex1_mul_cmplt,0,0.0,0.0,0.0,0.0,,0
x_aq_rtu_top/x_aq_rtu_ctrl/lsu_rtu_ex1_cmplt,41716,0.02900529821585015,0.3947781954166267,1.2829632643720492,0.013543963946687122,0.07262671316198972,1
x_aq_rtu_top/x_aq_rtu_ctrl/lsu_rtu_ex1_cmplt_for_pcgen,41716,0.02900529821585015,0.3947781954166267,1.2829632643720492,0.013543963946687122,0.07262671316198972,1
x_aq_rtu_top/x_aq_rtu_ctrl/pad_yy_icg_scan_en,0,0.0,0.0,0.0,0.0,,0
x_aq_rtu_top/x_aq_rtu_ctrl/retire_ctrl_commit_clear,134,9.317072492386423e-05,0.5251699253731343,1.7067146302132494,0.26865671641791045,0.00693396323575912,1
x_aq_rtu_top/x_aq_rtu_ctrl/retire_ctrl_commit_clear_for_bju,100,6.953039173422703e-05,0.5442520000000001,1.7687281888102186,0.32,0.006840670852323258,1
x_aq_rtu_top/x_aq_rtu_ctrl/rtu_idu_commit,135,9.38660288412065e-05,0.34985170370370366,1.1369596625166667,0.14814814814814814,-0.005326643778562236,1
x_aq_rtu_top/x_aq_rtu_ctrl/rtu_idu_commit_for_bju,135,9.38660288412065e-05,0.36663192592592597,1.1914925848742222,0.16296296296296298,-0.005181832981192915,1
x_aq_rtu_top/x_aq_rtu_ctrl/rtu_iu_ex1_cmplt,139921,0.09728761941844781,0.42858088692905283,1.3928163716379556,0.084969375576218,0.6163731884064151,1
x_aq_rtu_top/x_aq_rtu_ctrl/rtu_iu_ex1_cmplt_dp,131449,0.09139700463072409,0.43056403236236107,1.3992612633983947,0.09021749880181668,0.7737456127996997,1
x_aq_rtu_top/x_aq_rtu_ctrl/vpu_rtu_ex1_cmplt,42262,0.029384934154719027,0.35141261369551846,1.1420323595443642,0.010884482513842223,0.035242311550679487,1
x_aq_rtu_top/x_aq_rtu_ctrl/cmplt_clk,0,0.0,0.0,0.0,0.0,,0
x_aq_rtu_top/x_aq_rtu_ctrl/cmplt_clk_en,225381,0.15670829219451823,0.39871116035513193,1.2957447441871652,0.047958789782634736,0.803028766780772,1
x_aq_rtu_top/x_aq_rtu_ctrl/ctrl_ex1_alu_cmplt,27125,0.01886011875790908,0.44426448294930876,1.4437854418167302,0.024147465437788018,0.14592481888963013,1
x_aq_rtu_top/x_aq_rtu_ctrl/ctrl_ex1_bju_cmplt,21594,0.015014392791088986,0.4552248731129018,1.4794048810520573,0.09127535426507363,0.006384571794833068,1
x_aq_rtu_top/x_aq_rtu_ctrl/ctrl_ex1_cmplt,139921,0.09728761941844781,0.42858088692905283,1.3928163716379556,0.084969375576218,0.6163731884064151,1
x_aq_rtu_top/x_aq_rtu_ctrl/ctrl_ex1_cmplt_dp,131449,0.09139700463072409,0.43056403236236107,1.3992612633983947,0.09021749880181668,0.7737456127996997,1
x_aq_rtu_top/x_aq_rtu_ctrl/ctrl_ex1_cmplt_for_pcgen,139921,0.09728761941844781,0.42858088692905283,1.3928163716379556,0.084969375576218,0.6163731884064151,1
x_aq_rtu_top/x_aq_rtu_ctrl/ctrl_ex1_commit,135,9.38660288412065e-05,0.34985170370370366,1.1369596625166667,0.14814814814814814,-0.005326643778562236,1
x_aq_rtu_top/x_aq_rtu_ctrl/ctrl_ex1_commit_for_bju,135,9.38660288412065e-05,0.36663192592592597,1.1914925848742222,0.16296296296296298,-0.005181832981192915,1
x_aq_rtu_top/x_aq_rtu_ctrl/ctrl_ex1_cp0_cmplt,0,0.0,0.0,0.0,0.0,,0
x_aq_rtu_top/x_aq_rtu_ctrl/ctrl_ex1_div_cmplt,0,0.0,0.0,0.0,0.0,,0
x_aq_rtu_top/x_aq_rtu_ctrl/ctrl_ex1_lsu_cmplt,41716,0.02900529821585015,0.3947781954166267,1.2829632643720492,0.013543963946687122,0.07262671316198972,1
x_aq_rtu_top/x_aq_rtu_ctrl/ctrl_ex1_lsu_cmplt_for_pcgen,41716,0.02900529821585015,0.3947781954166267,1.2829632643720492,0.013543963946687122,0.07262671316198972,1
x_aq_rtu_top/x_aq_rtu_ctrl/ctrl_ex1_mul_cmplt,0,0.0,0.0,0.0,0.0,,0
x_aq_rtu_top/x_aq_rtu_ctrl/ctrl_ex1_vec_cmplt,42262,0.029384934154719027,0.35141261369551846,1.1420323595443642,0.010884482513842223,0.035242311550679487,1
x_aq_rtu_top/x_aq_rtu_ctrl/ctrl_ex2_retire_vld,139921,0.09728761941844781,0.43777226184775697,1.422686806496505,0.0863558722421938,0.6287617950057484,1
x_aq_rtu_top/x_aq_rtu_ctrl/x_cmplt_clk/clk_in,0,0.0,0.0,0.0,0.0,,0
x_aq_rtu_top/x_aq_rtu_ctrl/x_cmplt_clk/global_en,1,6.953039173422703e-07,0.26019000000000003,0.8455740859868788,0.0,0.003091127269222047,1
x_aq_rtu_top/x_aq_rtu_ctrl/x_cmplt_clk/module_en,0,0.0,0.0,0.0,0.0,,0
x_aq_rtu_top/x_aq_rtu_ctrl/x_cmplt_clk/local_en,225381,0.15670829219451823,0.39871116035513193,1.2957447441871652,0.047958789782634736,0.803028766780772,1
x_aq_rtu_top/x_aq_rtu_ctrl/x_cmplt_clk/external_en,0,0.0,0.0,0.0,0.0,,0
x_aq_rtu_top/x_aq_rtu_ctrl/x_cmplt_clk/pad_yy_icg_scan_en,0,0.0,0.0,0.0,0.0,,0
x_aq_rtu_top/x_aq_rtu_ctrl/x_cmplt_clk/clk_out,0,0.0,0.0,0.0,0.0,,0
x_aq_rtu_top/x_aq_rtu_ctrl/x_cmplt_clk/clk_en_bf_latch,225381,0.15670829219451823,0.39871116035513193,1.2957447441871652,0.047958789782634736,0.803028766780772,1
x_aq_rtu_top/x_aq_rtu_ctrl/x_cmplt_clk/SE,0,0.0,0.0,0.0,0.0,,0
x_aq_rtu_top/x_aq_rtu_dp/cp0_rtu_ex1_chgflw,0,0.0,0.0,0.0,0.0,,0
x_aq_rtu_top/x_aq_rtu_dp/cp0_rtu_ex1_chgflw_pc[39:0],0,0.0,0.0,0.0,0.0,,0
x_aq_rtu_top/x_aq_rtu_dp/cp0_rtu_ex1_cmplt_dp,2,1.3906078346845406e-06,0.46457000000000004,1.5097749841535966,0.0,0.033822238622997956,1
x_aq_rtu_top/x_aq_rtu_dp/cp0_rtu_ex1_expt_tval[39:0],18,1.2515470512160866e-05,0.35094999999999993,1.140528942223356,0.5,0.033860120338950084,14
x_aq_rtu_top/x_aq_rtu_dp/cp0_rtu_ex1_expt_vec[4:0],9684,0.006733323135542545,0.4059062722015696,1.3191276571474053,0.0674308137133416,-0.08929816525234038,2
x_aq_rtu_top/x_aq_rtu_dp/cp0_rtu_ex1_expt_vld,0,0.0,0.0,0.0,0.0,,0
x_aq_rtu_top/x_aq_rtu_dp/cp0_rtu_ex1_flush,2,1.3906078346845406e-06,0.46457000000000004,1.5097749841535966,0.0,0.033822238622997956,1
x_aq_rtu_top/x_aq_rtu_dp/cp0_rtu_ex1_halt_info[21:0],18,1.2515470512160866e-05,0.35094999999999993,1.140528942223356,0.5,0.033854622151431916,2
x_aq_rtu_top/x_aq_rtu_dp/cp0_rtu_ex1_inst_dret,0,0.0,0.0,0.0,0.0,,0
x_aq_rtu_top/x_aq_rtu_dp/cp0_rtu_ex1_inst_ebreak,0,0.0,0.0,0.0,0.0,,0
x_aq_rtu_top/x_aq_rtu_dp/cp0_rtu_ex1_inst_len,118708,0.08253813741986622,0.42485935325336116,1.3807220081486118,0.09466927250058968,0.04137398501568497,1
x_aq_rtu_top/x_aq_rtu_dp/cp0_rtu_ex1_inst_mret,0,0.0,0.0,0.0,0.0,,0
x_aq_rtu_top/x_aq_rtu_dp/cp0_rtu_ex1_inst_split,6,4.1718235040536216e-06,0.28882666666666673,0.9386384744813544,0.0,0.006587814618236219,1
x_aq_rtu_top/x_aq_rtu_dp/cp0_rtu_ex1_inst_sret,0,0.0,0.0,0.0,0.0,,0
x_aq_rtu_top/x_aq_rtu_dp/cp0_rtu_icg_en,0,0.0,0.0,0.0,0.0,,0
x_aq_rtu_top/x_aq_rtu_dp/cp0_yy_clk_en,1,6.953039173422703e-07,0.26019000000000003,0.8455740859868788,0.0,0.003091127269222047,1
x_aq_rtu_top/x_aq_rtu_dp/ctrl_dp_ex1_cmplt_dp,131449,0.09139700463072409,0.43056403236236107,1.3992612633983947,0.09021749880181668,0.7737456127996997,1
x_aq_rtu_top/x_aq_rtu_dp/dp_ctrl_ex1_cmplt_dp,131449,0.09139700463072409,0.43056403236236107,1.3992612633983947,0.09021749880181668,0.7737456127996997,1
x_aq_rtu_top/x_aq_rtu_dp/dp_int_ex2_inst_split,20,1.3906078346845406e-05,0.351406,1.1420108661374575,0.0,0.015055359156312148,1
x_aq_rtu_top/x_aq_rtu_dp/dp_misc_clk,0,0.0,0.0,0.0,0.0,,0
x_aq_rtu_top/x_aq_rtu_dp/dp_retire_ex2_cur_pc[39:0],641782,0.4462335386797569,0.4099302637998573,1.3322049584185574,0.05865698944501404,0.15818991768158883,15
x_aq_rtu_top/x_aq_rtu_dp/dp_retire_ex2_fs_dirty,910,0.000632726564781466,0.40073596703296704,1.302325028040928,0.03626373626373627,0.020409226408812858,1
x_aq_rtu_top/x_aq_rtu_dp/dp_retire_ex2_halt_info[21:0],222924,0.15499993046960828,0.4292925937987835,1.3951293002127012,0.05644524591340547,0.4857118726298823,2
x_aq_rtu_top/x_aq_rtu_dp/dp_retire_ex2_inst_branch,35790,0.024884927201679855,0.4305615046102263,1.3992530486257249,0.08960603520536463,-0.15053374904077152,1
x_aq_rtu_top/x_aq_rtu_dp/dp_retire_ex2_inst_chgflw,0,0.0,0.0,0.0,0.0,,0
x_aq_rtu_top/x_aq_rtu_dp/dp_retire_ex2_inst_dret,0,0.0,0.0,0.0,0.0,,0
x_aq_rtu_top/x_aq_rtu_dp/dp_retire_ex2_inst_ebreak,0,0.0,0.0,0.0,0.0,,0
x_aq_rtu_top/x_aq_rtu_dp/dp_retire_ex2_inst_expt,0,0.0,0.0,0.0,0.0,,0
x_aq_rtu_top/x_aq_rtu_dp/dp_retire_ex2_inst_flush,10,6.953039173422703e-06,0.651845,2.1183874863757906,0.3,0.031829575520094834,1
x_aq_rtu_top/x_aq_rtu_dp/dp_retire_ex2_inst_mret,0,0.0,0.0,0.0,0.0,,0
x_aq_rtu_top/x_aq_rtu_dp/dp_retire_ex2_inst_split,20,1.3906078346845406e-05,0.351406,1.1420108661374575,0.0,0.015055359156312148,1
x_aq_rtu_top/x_aq_rtu_dp/dp_retire_ex2_inst_sret,0,0.0,0.0,0.0,0.0,,0
x_aq_rtu_top/x_aq_rtu_dp/dp_retire_ex2_inst_vstart,0,0.0,0.0,0.0,0.0,,0
x_aq_rtu_top/x_aq_rtu_dp/dp_retire_ex2_next_pc[39:0],641828,0.44626552265995467,0.40993440641729567,1.3322184212340153,0.058654343531288754,0.15844921743343077,15
x_aq_rtu_top/x_aq_rtu_dp/dp_retire_ex2_tval[39:0],20,1.3906078346845406e-05,0.5703055,1.8533977166524074,0.45,0.01931128287903895,14
x_aq_rtu_top/x_aq_rtu_dp/dp_retire_ex2_vec[4:0],0,0.0,0.0,0.0,0.0,,0
x_aq_rtu_top/x_aq_rtu_dp/dp_retire_ex2_vs_dirty,0,0.0,0.0,0.0,0.0,,0
x_aq_rtu_top/x_aq_rtu_dp/dp_retire_ex2_vstart[6:0],0,0.0,0.0,0.0,0.0,,0
x_aq_rtu_top/x_aq_rtu_dp/dp_top_dbg_info[2:0],10,6.953039173422703e-06,0.651845,2.1183874863757906,0.3,0.031829575520094834,1
x_aq_rtu_top/x_aq_rtu_dp/forever_cpuclk,0,0.0,0.0,0.0,0.0,,0
x_aq_rtu_top/x_aq_rtu_dp/ifu_rtu_warm_up,2,1.3906078346845406e-06,0.7062949999999999,2.295340901118807,0.0,0.0025011227015259096,1
x_aq_rtu_top/x_aq_rtu_dp/iu_rtu_depd_lsu_chgflow_vld,0,0.0,0.0,0.0,0.0,,0
x_aq_rtu_top/x_aq_rtu_dp/iu_rtu_depd_lsu_next_pc[39:0],56,3.8937019371167136e-05,0.40145196428571434,1.3046518996446057,0.0,-0.06199952368973765,13
x_aq_rtu_top/x_aq_rtu_dp/iu_rtu_ex1_alu_cmplt_dp,27127,0.018861509365743767,0.444251695727504,1.443743885479477,0.024182548752165738,0.14592914349328753,1
x_aq_rtu_top/x_aq_rtu_dp/iu_rtu_ex1_alu_inst_len,118708,0.08253813741986622,0.42485935325336116,1.3807220081486118,0.09466927250058968,0.04137398501568497,1
x_aq_rtu_top/x_aq_rtu_dp/iu_rtu_ex1_alu_inst_split,6,4.1718235040536216e-06,0.28882666666666673,0.9386384744813544,0.0,0.006587814618236219,1
x_aq_rtu_top/x_aq_rtu_dp/iu_rtu_ex1_bju_cmplt_dp,21626,0.015036642516443937,0.45506139415518354,1.4788736017167612,0.09114029409044669,0.006545580003845552,1
x_aq_rtu_top/x_aq_rtu_dp/iu_rtu_ex1_bju_inst_len,118712,0.08254091863553559,0.42486253593571,1.3807323513351988,0.09467450636835366,0.041525131944441754,1
x_aq_rtu_top/x_aq_rtu_dp/iu_rtu_ex1_branch_inst,5476,0.0038074842513662723,0.34893310810810807,1.1339743801032869,0.004747991234477721,0.001552289497717534,1
x_aq_rtu_top/x_aq_rtu_dp/iu_rtu_ex1_cur_pc[39:0],641714,0.44618625801337763,0.4097239749826247,1.3315345541828802,0.05864918016437229,0.15843801471026583,15
x_aq_rtu_top/x_aq_rtu_dp/iu_rtu_ex1_div_cmplt_dp,0,0.0,0.0,0.0,0.0,,0
x_aq_rtu_top/x_aq_rtu_dp/iu_rtu_ex1_mul_cmplt_dp,0,0.0,0.0,0.0,0.0,,0
x_aq_rtu_top/x_aq_rtu_dp/iu_rtu_ex1_next_pc[39:0],696003,0.48393361238197213,0.38432510489466276,1.2489924643265142,0.058081646199800864,0.15841850799608242,15
x_aq_rtu_top/x_aq_rtu_dp/lsu_rtu_ex1_cmplt_dp,49990,0.03475824282794009,0.3964567445489098,1.288418268977585,0.01248249649929986,0.2891446867461946,1
x_aq_rtu_top/x_aq_rtu_dp/lsu_rtu_ex1_expt_tval[39:0],345284,0.24007731779560845,0.4200970148341655,1.3652452029063982,0.06317118661739322,-0.05276672245151777,37
x_aq_rtu_top/x_aq_rtu_dp/lsu_rtu_ex1_expt_vec[4:0],0,0.0,0.0,0.0,0.0,,0
x_aq_rtu_top/x_aq_rtu_dp/lsu_rtu_ex1_expt_vld,0,0.0,0.0,0.0,0.0,,0
x_aq_rtu_top/x_aq_rtu_dp/lsu_rtu_ex1_fs_dirty,13598,0.009454742668020192,0.525829877923224,1.708859365884631,0.09773496102367996,-0.050941306661365544,1
x_aq_rtu_top/x_aq_rtu_dp/lsu_rtu_ex1_halt_info[21:0],2,1.3906078346845406e-06,0.16978500000000002,0.5517729205168616,0.0,0.003166361236718352,2
x_aq_rtu_top/x_aq_rtu_dp/lsu_rtu_ex1_inst_len,118912,0.08267997941900404,0.42478803986141017,1.38049025152377,0.09465823466092572,0.03930604109602982,1
x_aq_rtu_top/x_aq_rtu_dp/lsu_rtu_ex1_inst_split,20,1.3906078346845406e-05,0.35130350000000005,1.1416777582400994,0.0,0.015165626842254351,1
x_aq_rtu_top/x_aq_rtu_dp/lsu_rtu_ex1_tval2_vld,1,6.953039173422703e-07,0.07938,0.2579717550468444,0.0,0.0031657485111133495,1
x_aq_rtu_top/x_aq_rtu_dp/lsu_rtu_ex1_vs_dirty,2904,0.002019162575961953,0.46176297176308545,1.5006526107504357,0.39118457300275483,-0.06341999490345912,1
x_aq_rtu_top/x_aq_rtu_dp/lsu_rtu_ex1_vstart[6:0],0,0.0,0.0,0.0,0.0,,0
x_aq_rtu_top/x_aq_rtu_dp/lsu_rtu_ex1_vstart_vld,0,0.0,0.0,0.0,0.0,,0
x_aq_rtu_top/x_aq_rtu_dp/lsu_rtu_ex2_tval2[39:0],0,0.0,0.0,0.0,0.0,,0
x_aq_rtu_top/x_aq_rtu_dp/pad_yy_icg_scan_en,0,0.0,0.0,0.0,0.0,,0
x_aq_rtu_top/x_aq_rtu_dp/rtu_iu_ex1_inst_len,106728,0.07420839649010583,0.44940391874672064,1.460487750617548,0.08188104340004497,0.5708750605358471,1
x_aq_rtu_top/x_aq_rtu_dp/rtu_iu_ex1_inst_split,20,1.3906078346845406e-05,0.35130350000000005,1.1416777582400994,0.0,0.015165626842254351,1
x_aq_rtu_top/x_aq_rtu_dp/rtu_iu_ex2_cur_pc[39:0],641782,0.4462335386797569,0.4099302637998573,1.3322049584185574,0.05865698944501404,0.15818991768158883,15
x_aq_rtu_top/x_aq_rtu_dp/rtu_iu_ex2_next_pc[39:0],641811,0.4462537024933598,0.4099384646134142,1.3322316096942701,0.05865589714105866,0.15844919498614296,15
x_aq_rtu_top/x_aq_rtu_dp/vpu_rtu_ex1_cmplt_dp,42262,0.029384934154719027,0.35141261369551846,1.1420323595443642,0.010884482513842223,0.035242311550679487,1
x_aq_rtu_top/x_aq_rtu_dp/dp_cmplt_source[6:0],499456,0.34727371334010093,0.39352542436170557,1.2788919674747214,0.07126153254741159,0.5794559194455399,3
x_aq_rtu_top/x_aq_rtu_dp/dp_ex1_alu_cmplt_dp,27129,0.01886289997357845,0.444271014044012,1.4438066667847695,0.02418076596999521,0.1459493805059769,1
x_aq_rtu_top/x_aq_rtu_dp/dp_ex1_bju_cmplt_dp,21626,0.015036642516443937,0.45506139415518354,1.4788736017167612,0.09114029409044669,0.006545580003845552,1
x_aq_rtu_top/x_aq_rtu_dp/dp_ex1_cmplt,131449,0.09139700463072409,0.43056403236236107,1.3992612633983947,0.09021749880181668,0.7737456127996997,1
x_aq_rtu_top/x_aq_rtu_dp/dp_ex1_cmplt_dp,131449,0.09139700463072409,0.43056403236236107,1.3992612633983947,0.09021749880181668,0.7737456127996997,1
x_aq_rtu_top/x_aq_rtu_dp/dp_ex1_cp0_chgflw_pc[39:0],0,0.0,0.0,0.0,0.0,,0
x_aq_rtu_top/x_aq_rtu_dp/dp_ex1_cp0_cmplt_dp,2,1.3906078346845406e-06,0.46457000000000004,1.5097749841535966,0.0,0.033822238622997956,1
x_aq_rtu_top/x_aq_rtu_dp/dp_ex1_cur_pc[39:0],641714,0.44618625801337763,0.4097239749826247,1.3315345541828802,0.05864918016437229,0.15843801471026583,15
x_aq_rtu_top/x_aq_rtu_dp/dp_ex1_div_cmplt_dp,0,0.0,0.0,0.0,0.0,,0
x_aq_rtu_top/x_aq_rtu_dp/dp_ex1_expt_vec[4:0],0,0.0,0.0,0.0,0.0,,0
x_aq_rtu_top/x_aq_rtu_dp/dp_ex1_fs_dirty,910,0.000632726564781466,0.4276861978021978,1.3899087812590676,0.035164835164835165,0.023412066335442384,1
x_aq_rtu_top/x_aq_rtu_dp/dp_ex1_halt_info[21:0],222936,0.15500827411661638,0.4148942283884164,1.3483370150688592,0.05686833889546776,0.45134735123899444,2
x_aq_rtu_top/x_aq_rtu_dp/dp_ex1_inst_branch,5450,0.003789406349515373,0.3483801394495413,1.132177324228553,0.004220183486238532,0.0013940441839502258,1
x_aq_rtu_top/x_aq_rtu_dp/dp_ex1_inst_chgflw,0,0.0,0.0,0.0,0.0,,0
x_aq_rtu_top/x_aq_rtu_dp/dp_ex1_inst_dret,0,0.0,0.0,0.0,0.0,,0
x_aq_rtu_top/x_aq_rtu_dp/dp_ex1_inst_ebreak,0,0.0,0.0,0.0,0.0,,0
x_aq_rtu_top/x_aq_rtu_dp/dp_ex1_inst_expt,0,0.0,0.0,0.0,0.0,,0
x_aq_rtu_top/x_aq_rtu_dp/dp_ex1_inst_flush,2,1.3906078346845406e-06,0.46457000000000004,1.5097749841535966,0.0,0.033822238622997956,1
x_aq_rtu_top/x_aq_rtu_dp/dp_ex1_inst_mret,0,0.0,0.0,0.0,0.0,,0
x_aq_rtu_top/x_aq_rtu_dp/dp_ex1_inst_sret,0,0.0,0.0,0.0,0.0,,0
x_aq_rtu_top/x_aq_rtu_dp/dp_ex1_inst_vstart,0,0.0,0.0,0.0,0.0,,0
x_aq_rtu_top/x_aq_rtu_dp/dp_ex1_lsu_cmplt_dp,49990,0.03475824282794009,0.3964567445489098,1.288418268977585,0.01248249649929986,0.2891446867461946,1
x_aq_rtu_top/x_aq_rtu_dp/dp_ex1_mul_cmplt_dp,0,0.0,0.0,0.0,0.0,,0
x_aq_rtu_top/x_aq_rtu_dp/dp_ex1_next_pc[39:0],696003,0.48393361238197213,0.38432510489466276,1.2489924643265142,0.058081646199800864,0.15841850799608242,15
x_aq_rtu_top/x_aq_rtu_dp/dp_ex1_trap_updt,49992,0.034759633435774775,0.39645946951512234,1.2884271246631014,0.012481997119539127,0.29098006363082257,1
x_aq_rtu_top/x_aq_rtu_dp/dp_ex1_tval[39:0],345302,0.24008983326612063,0.420093410319083,1.3652334888338113,0.06319395775292352,-0.052732262164783994,37
x_aq_rtu_top/x_aq_rtu_dp/dp_ex1_tval2_vld,49990,0.03475824282794009,0.3964567445489098,1.288418268977585,0.01248249649929986,0.2891446867461946,1
x_aq_rtu_top/x_aq_rtu_dp/dp_ex1_vec_cmplt_dp,42262,0.029384934154719027,0.35141261369551846,1.1420323595443642,0.010884482513842223,0.035242311550679487,1
x_aq_rtu_top/x_aq_rtu_dp/dp_ex1_vs_dirty,0,0.0,0.0,0.0,0.0,,0
x_aq_rtu_top/x_aq_rtu_dp/dp_ex1_vstart[6:0],0,0.0,0.0,0.0,0.0,,0
x_aq_rtu_top/x_aq_rtu_dp/dp_trap_clk,0,0.0,0.0,0.0,0.0,,0
x_aq_rtu_top/x_aq_rtu_dp/dp_trap_clk_en,49994,0.034761024043609465,0.3964718644237309,1.2884674060479262,0.012481497779733569,0.290991034416332,1
x_aq_rtu_top/x_aq_rtu_dp/x_dp_trap_clk/clk_in,0,0.0,0.0,0.0,0.0,,0
x_aq_rtu_top/x_aq_rtu_dp/x_dp_trap_clk/global_en,1,6.953039173422703e-07,0.26019000000000003,0.8455740859868788,0.0,0.003091127269222047,1
x_aq_rtu_top/x_aq_rtu_dp/x_dp_trap_clk/module_en,0,0.0,0.0,0.0,0.0,,0
x_aq_rtu_top/x_aq_rtu_dp/x_dp_trap_clk/local_en,49994,0.034761024043609465,0.3964718644237309,1.2884674060479262,0.012481497779733569,0.290991034416332,1
x_aq_rtu_top/x_aq_rtu_dp/x_dp_trap_clk/external_en,0,0.0,0.0,0.0,0.0,,0
x_aq_rtu_top/x_aq_rtu_dp/x_dp_trap_clk/pad_yy_icg_scan_en,0,0.0,0.0,0.0,0.0,,0
x_aq_rtu_top/x_aq_rtu_dp/x_dp_trap_clk/clk_out,0,0.0,0.0,0.0,0.0,,0
x_aq_rtu_top/x_aq_rtu_dp/x_dp_trap_clk/clk_en_bf_latch,49994,0.034761024043609465,0.3964718644237309,1.2884674060479262,0.012481497779733569,0.290991034416332,1
x_aq_rtu_top/x_aq_rtu_dp/x_dp_trap_clk/SE,0,0.0,0.0,0.0,0.0,,0
x_aq_rtu_top/x_aq_rtu_int/cp0_rtu_int_vld[14:0],0,0.0,0.0,0.0,0.0,,0
x_aq_rtu_top/x_aq_rtu_int/dp_int_ex2_inst_split,20,1.3906078346845406e-05,0.351406,1.1420108661374575,0.0,0.015055359156312148,1
x_aq_rtu_top/x_aq_rtu_int/dtu_rtu_int_mask,0,0.0,0.0,0.0,0.0,,0
x_aq_rtu_top/x_aq_rtu_int/int_retire_int_vec[4:0],0,0.0,0.0,0.0,0.0,,0
x_aq_rtu_top/x_aq_rtu_int/int_retire_int_vld,0,0.0,0.0,0.0,0.0,,0
x_aq_rtu_top/x_aq_rtu_int/int_vld,0,0.0,0.0,0.0,0.0,,0
x_aq_rtu_top/x_aq_rtu_int/int_vld_raw[14:0],0,0.0,0.0,0.0,0.0,,0
x_aq_rtu_top/x_aq_rtu_rbus/cp0_rtu_ex1_cmplt,0,0.0,0.0,0.0,0.0,,0
x_aq_rtu_top/x_aq_rtu_rbus/cp0_rtu_ex1_cmplt_dp,2,1.3906078346845406e-06,0.46457000000000004,1.5097749841535966,0.0,0.033822238622997956,1
x_aq_rtu_top/x_aq_rtu_rbus/cp0_rtu_ex1_vs_dirty,0,0.0,0.0,0.0,0.0,,0
x_aq_rtu_top/x_aq_rtu_rbus/cp0_rtu_ex1_vs_dirty_dp,0,0.0,0.0,0.0,0.0,,0
x_aq_rtu_top/x_aq_rtu_rbus/cp0_rtu_ex1_wb_data[63:0],20,1.3906078346845406e-05,0.36229849999999997,1.1774096736689232,0.35,0.0005015548080243205,7
x_aq_rtu_top/x_aq_rtu_rbus/cp0_rtu_ex1_wb_dp,2,1.3906078346845406e-06,0.46457000000000004,1.5097749841535966,0.0,0.033822238622997956,1
x_aq_rtu_top/x_aq_rtu_rbus/cp0_rtu_ex1_wb_preg[5:0],0,0.0,0.0,0.0,0.0,,0
x_aq_rtu_top/x_aq_rtu_rbus/cp0_rtu_ex1_wb_vld,0,0.0,0.0,0.0,0.0,,0
x_aq_rtu_top/x_aq_rtu_rbus/iu_rtu_div_data[63:0],8,5.562431338738162e-06,0.2786687500000001,0.9056269402142898,0.0,-0.2649929513304792,7
x_aq_rtu_top/x_aq_rtu_rbus/iu_rtu_div_preg[5:0],2,1.3906078346845406e-06,0.39771,1.2924911400816386,0.0,-0.26499786559663824,3
x_aq_rtu_top/x_aq_rtu_rbus/iu_rtu_div_wb_dp,0,0.0,0.0,0.0,0.0,,0
x_aq_rtu_top/x_aq_rtu_rbus/iu_rtu_div_wb_vld,0,0.0,0.0,0.0,0.0,,0
x_aq_rtu_top/x_aq_rtu_rbus/iu_rtu_ex1_alu_data[63:0],189799,0.13196798820764558,0.4241684691173294,1.3784767499840094,0.09123335739387457,,55
x_aq_rtu_top/x_aq_rtu_rbus/iu_rtu_ex1_alu_preg[5:0],349438,0.24296561026824826,0.4150244523778181,1.3487602213058858,0.06497289934122791,-0.09725966713518741,5
x_aq_rtu_top/x_aq_rtu_rbus/iu_rtu_ex1_alu_wb_dp,27127,0.018861509365743767,0.444251695727504,1.443743885479477,0.024182548752165738,0.14592914349328753,1
x_aq_rtu_top/x_aq_rtu_rbus/iu_rtu_ex1_alu_wb_vld,27125,0.01886011875790908,0.44426448294930876,1.4437854418167302,0.024147465437788018,0.14592481888963013,1
x_aq_rtu_top/x_aq_rtu_rbus/iu_rtu_ex1_bju_data[63:0],252438,0.17552113028604804,0.37430042097465516,1.2164139142555361,0.04499718742820019,0.04121224276116281,54
x_aq_rtu_top/x_aq_rtu_rbus/iu_rtu_ex1_bju_preg[5:0],349438,0.24296561026824826,0.4150244523778181,1.3487602213058858,0.06497289934122791,-0.09725966713518741,5
x_aq_rtu_top/x_aq_rtu_rbus/iu_rtu_ex1_bju_wb_dp,170,0.00011820166594818595,0.4179199411764706,1.358170076774604,0.03529411764705882,0.010082151357344625,1
x_aq_rtu_top/x_aq_rtu_rbus/iu_rtu_ex1_bju_wb_vld,170,0.00011820166594818595,0.4179199411764706,1.358170076774604,0.03529411764705882,0.010082151357344625,1
x_aq_rtu_top/x_aq_rtu_rbus/iu_rtu_ex3_mul_data[63:0],70,4.867127421395892e-05,0.4325375714285714,1.4056749360686365,0.014285714285714285,0.0047686550841989014,5
x_aq_rtu_top/x_aq_rtu_rbus/iu_rtu_ex3_mul_preg[5:0],17,1.1820166594818595e-05,0.4654988235294118,1.5127935056452966,0.0,-0.26584621859066676,3
x_aq_rtu_top/x_aq_rtu_rbus/iu_rtu_ex3_mul_wb_vld,4,2.781215669369081e-06,0.30256250000000007,0.9832776409216536,0.0,0.0015079177872129757,1
x_aq_rtu_top/x_aq_rtu_rbus/lsu_rtu_ex1_data[63:0],665068,0.462424385698989,0.38339238965338884,1.2459612954206138,0.054059133802859254,,58
x_aq_rtu_top/x_aq_rtu_rbus/lsu_rtu_ex1_dest_reg[5:0],442374,0.30758437513036946,0.39638764723966596,1.288193714251777,0.05795548562980645,0.13823970876712818,5
x_aq_rtu_top/x_aq_rtu_rbus/lsu_rtu_ex1_wb_dp,20,1.3906078346845406e-05,0.4705655,1.529259358774198,0.25,0.007620260592628842,1
x_aq_rtu_top/x_aq_rtu_rbus/lsu_rtu_ex1_wb_vld,4,2.781215669369081e-06,0.23666000000000006,0.769105512085994,0.0,0.0021211852746340393,1
x_aq_rtu_top/x_aq_rtu_rbus/lsu_rtu_ex2_data[63:0],162972,0.11331507001710447,0.4396805918194536,1.4288885604900434,0.07668188400461429,,55
x_aq_rtu_top/x_aq_rtu_rbus/lsu_rtu_ex2_data_vld,320,0.0002224972535495265,0.38780634375000006,1.2603059097441085,0.0125,0.012049933190252089,1
x_aq_rtu_top/x_aq_rtu_rbus/lsu_rtu_ex2_dest_reg[5:0],101617,0.07065469816856948,0.43000122026826226,1.3974322180006087,0.04951927334993161,-0.12038903515464862,5
x_aq_rtu_top/x_aq_rtu_rbus/rbus_wb_rbus_wb_data[63:0],259017,0.18009553475824283,0.42531548504538313,1.3822043603647942,0.081191582019713,0.21287544659924457,55
x_aq_rtu_top/x_aq_rtu_rbus/rbus_wb_rbus_wb_dp,88285,0.061384906342562336,0.4164023534009175,1.3532381697212272,0.03318797077646259,0.2438083063182294,1
x_aq_rtu_top/x_aq_rtu_rbus/rbus_wb_rbus_wb_preg[5:0],257564,0.17908525816634452,0.4311576944371108,1.4011905660858215,0.08418878414685282,0.4974144590467072,5
x_aq_rtu_top/x_aq_rtu_rbus/rbus_wb_rbus_wb_vld,88273,0.06137656269555423,0.4163451568429758,1.3530522904514506,0.03307919748960611,0.241115484272865,1
x_aq_rtu_top/x_aq_rtu_rbus/retire_rbus_fs_dirty,2,1.3906078346845406e-06,0.492885,1.60179400965311,0.0,0.0012587476560768438,1
x_aq_rtu_top/x_aq_rtu_rbus/retire_rbus_vs_dirty,0,0.0,0.0,0.0,0.0,,0
x_aq_rtu_top/x_aq_rtu_rbus/rtu_cp0_fs_dirty_updt,61052,0.04244969476158029,0.4032207113608072,1.310400032514292,0.10109414924981983,0.1275111415086882,1
x_aq_rtu_top/x_aq_rtu_rbus/rtu_cp0_fs_dirty_updt_dp,61052,0.04244969476158029,0.4032207113608072,1.310400032514292,0.10109414924981983,0.1275111415086882,1
x_aq_rtu_top/x_aq_rtu_rbus/rtu_cp0_vl[7:0],0,0.0,0.0,0.0,0.0,,0
x_aq_rtu_top/x_aq_rtu_rbus/rtu_cp0_vl_vld,0,0.0,0.0,0.0,0.0,,0
x_aq_rtu_top/x_aq_rtu_rbus/rtu_cp0_vs_dirty_updt,0,0.0,0.0,0.0,0.0,,0
x_aq_rtu_top/x_aq_rtu_rbus/rtu_cp0_vs_dirty_updt_dp,0,0.0,0.0,0.0,0.0,,0
x_aq_rtu_top/x_aq_rtu_rbus/rtu_idu_fwd0_data[63:0],258944,0.18004477757227685,0.4253238799894958,1.3822316425324217,0.08118743821057835,0.21287544659923385,55
x_aq_rtu_top/x_aq_rtu_rbus/rtu_idu_fwd0_reg[5:0],232421,0.1616032317726078,0.4240687622460966,1.3781527192890968,0.08460509162252981,0.5310537168100335,5
x_aq_rtu_top/x_aq_rtu_rbus/rtu_idu_fwd0_vld,63141,0.04390218464490829,0.4373128837047244,1.4211939041812078,0.03820021855846439,0.2763971485890406,1
x_aq_rtu_top/x_aq_rtu_rbus/rtu_idu_fwd1_data[63:0],70,4.867127421395892e-05,0.4325375714285714,1.4056749360686365,0.014285714285714285,0.0047686550841989014,5
x_aq_rtu_top/x_aq_rtu_rbus/rtu_idu_fwd1_reg[5:0],17,1.1820166594818595e-05,0.4654988235294118,1.5127935056452966,0.0,-0.26584621859066676,3
x_aq_rtu_top/x_aq_rtu_rbus/rtu_idu_fwd1_vld,4,2.781215669369081e-06,0.30256250000000007,0.9832776409216536,0.0,0.0015079177872129757,1
x_aq_rtu_top/x_aq_rtu_rbus/rtu_idu_fwd2_data[63:0],162972,0.11331507001710447,0.4396805918194536,1.4288885604900434,0.07668188400461429,,55
x_aq_rtu_top/x_aq_rtu_rbus/rtu_idu_fwd2_reg[5:0],101617,0.07065469816856948,0.43000122026826226,1.3974322180006087,0.04951927334993161,-0.12038903515464862,5
x_aq_rtu_top/x_aq_rtu_rbus/rtu_idu_fwd2_vld,320,0.0002224972535495265,0.38780634375000006,1.2603059097441085,0.0125,0.012049933190252089,1
x_aq_rtu_top/x_aq_rtu_rbus/rtu_iu_div_wb_grant,157476,0.10949367968739136,0.41115698582641164,1.3361916003201049,0.09281414310752115,-0.5732425221707065,1
x_aq_rtu_top/x_aq_rtu_rbus/rtu_iu_div_wb_grant_for_full,0,0.0,0.0,0.0,0.0,,0
x_aq_rtu_top/x_aq_rtu_rbus/rtu_iu_mul_wb_grant,157480,0.10949646090306073,0.4111580478790958,1.3361950518141195,0.09281178562357124,-0.5732401564057102,1
x_aq_rtu_top/x_aq_rtu_rbus/rtu_iu_mul_wb_grant_for_full,5,3.4765195867113516e-06,0.414414,1.3467763529350334,0.0,0.002517325581929354,1
x_aq_rtu_top/x_aq_rtu_rbus/vlsu_rtu_vl_updt_data[7:0],0,0.0,0.0,0.0,0.0,,0
x_aq_rtu_top/x_aq_rtu_rbus/vlsu_rtu_vl_updt_vld,0,0.0,0.0,0.0,0.0,,0
x_aq_rtu_top/x_aq_rtu_rbus/vpu_rtu_ex1_cmplt,42262,0.029384934154719027,0.35141261369551846,1.1420323595443642,0.010884482513842223,0.035242311550679487,1
x_aq_rtu_top/x_aq_rtu_rbus/vpu_rtu_ex1_cmplt_dp,42262,0.029384934154719027,0.35141261369551846,1.1420323595443642,0.010884482513842223,0.035242311550679487,1
x_aq_rtu_top/x_aq_rtu_rbus/vpu_rtu_ex1_fp_dirty,67296,0.046791172421465424,0.37871305034474556,1.2307542234388755,0.007251545411317166,-0.4359858046273046,1
x_aq_rtu_top/x_aq_rtu_rbus/vpu_rtu_ex1_vec_dirty,0,0.0,0.0,0.0,0.0,,0
x_aq_rtu_top/x_aq_rtu_rbus/rbus_alu_data[63:0],189799,0.13196798820764558,0.4241684691173294,1.3784767499840094,0.09123335739387457,,55
x_aq_rtu_top/x_aq_rtu_rbus/rbus_alu_reg[5:0],349438,0.24296561026824826,0.4150244523778181,1.3487602213058858,0.06497289934122791,-0.09725966713518741,5
x_aq_rtu_top/x_aq_rtu_rbus/rbus_alu_wb_dp,27127,0.018861509365743767,0.444251695727504,1.443743885479477,0.024182548752165738,0.14592914349328753,1
x_aq_rtu_top/x_aq_rtu_rbus/rbus_alu_wb_vld,27125,0.01886011875790908,0.44426448294930876,1.4437854418167302,0.024147465437788018,0.14592481888963013,1
x_aq_rtu_top/x_aq_rtu_rbus/rbus_bju_data[63:0],252438,0.17552113028604804,0.37430042097465516,1.2164139142555361,0.04499718742820019,0.04121224276116281,54
x_aq_rtu_top/x_aq_rtu_rbus/rbus_bju_reg[5:0],349438,0.24296561026824826,0.4150244523778181,1.3487602213058858,0.06497289934122791,-0.09725966713518741,5
x_aq_rtu_top/x_aq_rtu_rbus/rbus_bju_wb_dp,170,0.00011820166594818595,0.4179199411764706,1.358170076774604,0.03529411764705882,0.010082151357344625,1
x_aq_rtu_top/x_aq_rtu_rbus/rbus_bju_wb_vld,170,0.00011820166594818595,0.4179199411764706,1.358170076774604,0.03529411764705882,0.010082151357344625,1
x_aq_rtu_top/x_aq_rtu_rbus/rbus_cp0_data[63:0],20,1.3906078346845406e-05,0.36229849999999997,1.1774096736689232,0.35,0.0005015548080243205,7
x_aq_rtu_top/x_aq_rtu_rbus/rbus_cp0_reg[5:0],0,0.0,0.0,0.0,0.0,,0
x_aq_rtu_top/x_aq_rtu_rbus/rbus_cp0_wb_dp,2,1.3906078346845406e-06,0.46457000000000004,1.5097749841535966,0.0,0.033822238622997956,1
x_aq_rtu_top/x_aq_rtu_rbus/rbus_cp0_wb_vld,0,0.0,0.0,0.0,0.0,,0
x_aq_rtu_top/x_aq_rtu_rbus/rbus_div_data[63:0],8,5.562431338738162e-06,0.2786687500000001,0.9056269402142898,0.0,-0.2649929513304792,7
x_aq_rtu_top/x_aq_rtu_rbus/rbus_div_preg[5:0],2,1.3906078346845406e-06,0.39771,1.2924911400816386,0.0,-0.26499786559663824,3
x_aq_rtu_top/x_aq_rtu_rbus/rbus_div_wb_dp,0,0.0,0.0,0.0,0.0,,0
x_aq_rtu_top/x_aq_rtu_rbus/rbus_div_wb_grant,157476,0.10949367968739136,0.41115698582641164,1.3361916003201049,0.09281414310752115,-0.5732425221707065,1
x_aq_rtu_top/x_aq_rtu_rbus/rbus_div_wb_grant_for_full,0,0.0,0.0,0.0,0.0,,0
x_aq_rtu_top/x_aq_rtu_rbus/rbus_div_wb_vld,0,0.0,0.0,0.0,0.0,,0
x_aq_rtu_top/x_aq_rtu_rbus/rbus_ex1_alu_fwd_vld,27127,0.018861509365743767,0.444251695727504,1.443743885479477,0.024182548752165738,0.14592914349328753,1
x_aq_rtu_top/x_aq_rtu_rbus/rbus_ex1_bju_fwd_vld,170,0.00011820166594818595,0.4179199411764706,1.358170076774604,0.03529411764705882,0.010082151357344625,1
x_aq_rtu_top/x_aq_rtu_rbus/rbus_ex1_fwd_source_vld[2:0],257850,0.1792841150867044,0.42234933899554006,1.372564880619225,0.08251696722900911,0.5437058889243296,3
x_aq_rtu_top/x_aq_rtu_rbus/rbus_ex1_fwd_vld,63141,0.04390218464490829,0.4373128837047244,1.4211939041812078,0.03820021855846439,0.2763971485890406,1
x_aq_rtu_top/x_aq_rtu_rbus/rbus_ex1_lsu_fwd_vld,20,1.3906078346845406e-05,0.4705655,1.529259358774198,0.25,0.007620260592628842,1
x_aq_rtu_top/x_aq_rtu_rbus/rbus_ex1_wb_dp,63147,0.043906356468412344,0.4373530888244889,1.4213245641120158,0.03825993317180547,0.27856494731719683,1
x_aq_rtu_top/x_aq_rtu_rbus/rbus_ex1_wb_source_vld[1:0],220611,0.15339169250879559,0.4186625443427572,1.3605834131579537,0.07717656871144231,0.56331369454501,2
x_aq_rtu_top/x_aq_rtu_rbus/rbus_ex1_wb_vld,63135,0.043898012821404236,0.4372771008157124,1.4210776157624745,0.0381088144452364,0.2762808953193043,1
x_aq_rtu_top/x_aq_rtu_rbus/rbus_lsu_data[63:0],665068,0.462424385698989,0.38339238965338884,1.2459612954206138,0.054059133802859254,,58
x_aq_rtu_top/x_aq_rtu_rbus/rbus_lsu_fwd_data[63:0],162972,0.11331507001710447,0.4396805918194536,1.4288885604900434,0.07668188400461429,,55
x_aq_rtu_top/x_aq_rtu_rbus/rbus_lsu_fwd_preg[5:0],101617,0.07065469816856948,0.43000122026826226,1.3974322180006087,0.04951927334993161,-0.12038903515464862,5
x_aq_rtu_top/x_aq_rtu_rbus/rbus_lsu_fwd_vld,320,0.0002224972535495265,0.38780634375000006,1.2603059097441085,0.0125,0.012049933190252089,1
x_aq_rtu_top/x_aq_rtu_rbus/rbus_lsu_reg[5:0],442374,0.30758437513036946,0.39638764723966596,1.288193714251777,0.05795548562980645,0.13823970876712818,5
x_aq_rtu_top/x_aq_rtu_rbus/rbus_lsu_wb_dp,20,1.3906078346845406e-05,0.4705655,1.529259358774198,0.25,0.007620260592628842,1
x_aq_rtu_top/x_aq_rtu_rbus/rbus_lsu_wb_vld,4,2.781215669369081e-06,0.23666000000000006,0.769105512085994,0.0,0.0021211852746340393,1
x_aq_rtu_top/x_aq_rtu_rbus/rbus_mul_data[63:0],70,4.867127421395892e-05,0.4325375714285714,1.4056749360686365,0.014285714285714285,0.0047686550841989014,5
x_aq_rtu_top/x_aq_rtu_rbus/rbus_mul_fwd_data[63:0],70,4.867127421395892e-05,0.4325375714285714,1.4056749360686365,0.014285714285714285,0.0047686550841989014,5
x_aq_rtu_top/x_aq_rtu_rbus/rbus_mul_fwd_preg[5:0],17,1.1820166594818595e-05,0.4654988235294118,1.5127935056452966,0.0,-0.26584621859066676,3
x_aq_rtu_top/x_aq_rtu_rbus/rbus_mul_fwd_vld,4,2.781215669369081e-06,0.30256250000000007,0.9832776409216536,0.0,0.0015079177872129757,1
x_aq_rtu_top/x_aq_rtu_rbus/rbus_mul_preg[5:0],17,1.1820166594818595e-05,0.4654988235294118,1.5127935056452966,0.0,-0.26584621859066676,3
x_aq_rtu_top/x_aq_rtu_rbus/rbus_mul_wb_dp,4,2.781215669369081e-06,0.30256250000000007,0.9832776409216536,0.0,0.0015079177872129757,1
x_aq_rtu_top/x_aq_rtu_rbus/rbus_mul_wb_grant,157480,0.10949646090306073,0.4111580478790958,1.3361950518141195,0.09281178562357124,-0.5732401564057102,1
x_aq_rtu_top/x_aq_rtu_rbus/rbus_mul_wb_grant_for_full,5,3.4765195867113516e-06,0.414414,1.3467763529350334,0.0,0.002517325581929354,1
x_aq_rtu_top/x_aq_rtu_rbus/rbus_mul_wb_vld,4,2.781215669369081e-06,0.30256250000000007,0.9832776409216536,0.0,0.0015079177872129757,1
x_aq_rtu_top/x_aq_rtu_rbus/rbus_wb_source_vld[2:0],220626,0.15340212206755574,0.4186562086517455,1.3605628232193079,0.07719851694723197,0.5630177459622625,2
x_aq_rtu_top/x_aq_rtu_rbus/rbus_wb_vld_dp,88285,0.061384906342562336,0.4164023534009175,1.3532381697212272,0.03318797077646259,0.2438083063182294,1
x_aq_rtu_top/x_aq_rtu_retire/async_select_next_pc,8901,0.006188900168263548,0.4052447680035951,1.3169778788792983,0.0103359173126615,-0.2785282508864903,1
x_aq_rtu_top/x_aq_rtu_retire/cp0_rtu_fence_idle,3,2.0859117520268108e-06,0.32191333333333333,1.0461646204708972,0.0,-0.0021031210387768657,1
x_aq_rtu_top/x_aq_rtu_retire/cp0_rtu_icg_en,0,0.0,0.0,0.0,0.0,,0
x_aq_rtu_top/x_aq_rtu_retire/cp0_rtu_in_lpmd,0,0.0,0.0,0.0,0.0,,0
x_aq_rtu_top/x_aq_rtu_retire/cp0_rtu_trap_pc[39:0],4,2.781215669369081e-06,0.8159749999999999,2.6517826004579086,1.0,0.006761072653866012,6
x_aq_rtu_top/x_aq_rtu_retire/cp0_rtu_vstart_eq_0,0,0.0,0.0,0.0,0.0,,0
x_aq_rtu_top/x_aq_rtu_retire/cp0_yy_clk_en,1,6.953039173422703e-07,0.26019000000000003,0.8455740859868788,0.0,0.003091127269222047,1
x_aq_rtu_top/x_aq_rtu_retire/cpurst_b,3,2.0859117520268108e-06,0.13150000000000003,0.4273530585621068,0.0,0.003696138795964968,1
x_aq_rtu_top/x_aq_rtu_retire/ctrl_retire_ex2_retire_vld,139921,0.09728761941844781,0.43777226184775697,1.422686806496505,0.0863558722421938,0.6287617950057484,1
x_aq_rtu_top/x_aq_rtu_retire/dp_retire_ex2_cur_pc[39:0],641782,0.4462335386797569,0.4099302637998573,1.3322049584185574,0.05865698944501404,0.15818991768158883,15
x_aq_rtu_top/x_aq_rtu_retire/dp_retire_ex2_fs_dirty,910,0.000632726564781466,0.40073596703296704,1.302325028040928,0.03626373626373627,0.020409226408812858,1
x_aq_rtu_top/x_aq_rtu_retire/dp_retire_ex2_halt_info[21:0],222924,0.15499993046960828,0.4292925937987835,1.3951293002127012,0.05644524591340547,0.4857118726298823,2
x_aq_rtu_top/x_aq_rtu_retire/dp_retire_ex2_inst_branch,35790,0.024884927201679855,0.4305615046102263,1.3992530486257249,0.08960603520536463,-0.15053374904077152,1
x_aq_rtu_top/x_aq_rtu_retire/dp_retire_ex2_inst_chgflw,0,0.0,0.0,0.0,0.0,,0
x_aq_rtu_top/x_aq_rtu_retire/dp_retire_ex2_inst_dret,0,0.0,0.0,0.0,0.0,,0
x_aq_rtu_top/x_aq_rtu_retire/dp_retire_ex2_inst_ebreak,0,0.0,0.0,0.0,0.0,,0
x_aq_rtu_top/x_aq_rtu_retire/dp_retire_ex2_inst_expt,0,0.0,0.0,0.0,0.0,,0
x_aq_rtu_top/x_aq_rtu_retire/dp_retire_ex2_inst_flush,10,6.953039173422703e-06,0.651845,2.1183874863757906,0.3,0.031829575520094834,1
x_aq_rtu_top/x_aq_rtu_retire/dp_retire_ex2_inst_mret,0,0.0,0.0,0.0,0.0,,0
x_aq_rtu_top/x_aq_rtu_retire/dp_retire_ex2_inst_split,20,1.3906078346845406e-05,0.351406,1.1420108661374575,0.0,0.015055359156312148,1
x_aq_rtu_top/x_aq_rtu_retire/dp_retire_ex2_inst_sret,0,0.0,0.0,0.0,0.0,,0
x_aq_rtu_top/x_aq_rtu_retire/dp_retire_ex2_inst_vstart,0,0.0,0.0,0.0,0.0,,0
x_aq_rtu_top/x_aq_rtu_retire/dp_retire_ex2_next_pc[39:0],641828,0.44626552265995467,0.40993440641729567,1.3322184212340153,0.058654343531288754,0.15844921743343077,15
x_aq_rtu_top/x_aq_rtu_retire/dp_retire_ex2_tval[39:0],20,1.3906078346845406e-05,0.5703055,1.8533977166524074,0.45,0.01931128287903895,14
x_aq_rtu_top/x_aq_rtu_retire/dp_retire_ex2_vec[4:0],0,0.0,0.0,0.0,0.0,,0
x_aq_rtu_top/x_aq_rtu_retire/dp_retire_ex2_vs_dirty,0,0.0,0.0,0.0,0.0,,0
x_aq_rtu_top/x_aq_rtu_retire/dp_retire_ex2_vstart[6:0],0,0.0,0.0,0.0,0.0,,0
x_aq_rtu_top/x_aq_rtu_retire/dtu_rtu_async_halt_req,0,0.0,0.0,0.0,0.0,,0
x_aq_rtu_top/x_aq_rtu_retire/dtu_rtu_dpc[63:0],0,0.0,0.0,0.0,0.0,,0
x_aq_rtu_top/x_aq_rtu_retire/dtu_rtu_ebreak_action,0,0.0,0.0,0.0,0.0,,0
x_aq_rtu_top/x_aq_rtu_retire/dtu_rtu_pending_tval[63:0],0,0.0,0.0,0.0,0.0,,0
x_aq_rtu_top/x_aq_rtu_retire/dtu_rtu_resume_req,0,0.0,0.0,0.0,0.0,,0
x_aq_rtu_top/x_aq_rtu_retire/dtu_rtu_step_en,0,0.0,0.0,0.0,0.0,,0
x_aq_rtu_top/x_aq_rtu_retire/dtu_rtu_sync_flush,0,0.0,0.0,0.0,0.0,,0
x_aq_rtu_top/x_aq_rtu_retire/dtu_rtu_sync_halt_req,0,0.0,0.0,0.0,0.0,,0
x_aq_rtu_top/x_aq_rtu_retire/forever_cpuclk,0,0.0,0.0,0.0,0.0,,0
x_aq_rtu_top/x_aq_rtu_retire/hpcp_rtu_cnt_en,1,6.953039173422703e-07,0.26019000000000003,0.8455740859868788,0.0,0.003091127269222047,1
x_aq_rtu_top/x_aq_rtu_retire/ifu_rtu_reset_halt_req,0,0.0,0.0,0.0,0.0,,0
x_aq_rtu_top/x_aq_rtu_retire/ifu_rtu_warm_up,2,1.3906078346845406e-06,0.7062949999999999,2.295340901118807,0.0,0.0025011227015259096,1
x_aq_rtu_top/x_aq_rtu_retire/int_retire_int_vec[4:0],0,0.0,0.0,0.0,0.0,,0
x_aq_rtu_top/x_aq_rtu_retire/int_retire_int_vld,0,0.0,0.0,0.0,0.0,,0
x_aq_rtu_top/x_aq_rtu_retire/iu_rtu_depd_lsu_chgflow_vld,0,0.0,0.0,0.0,0.0,,0
x_aq_rtu_top/x_aq_rtu_retire/iu_rtu_ex2_bju_ras_mispred,0,0.0,0.0,0.0,0.0,,0
x_aq_rtu_top/x_aq_rtu_retire/iu_xx_no_op,125082,0.08697000458900585,0.26293243285204904,0.854486535167292,0.05594729857213668,-0.3938580845060004,1
x_aq_rtu_top/x_aq_rtu_retire/lsu_rtu_async_expt_vld,0,0.0,0.0,0.0,0.0,,0
x_aq_rtu_top/x_aq_rtu_retire/lsu_rtu_async_ld_inst,0,0.0,0.0,0.0,0.0,,0
x_aq_rtu_top/x_aq_rtu_retire/lsu_rtu_async_tval[39:0],0,0.0,0.0,0.0,0.0,,0
x_aq_rtu_top/x_aq_rtu_retire/lsu_rtu_ex1_buffer_vld,6418,0.0044624605415026905,0.38704445621689,1.2578299023862762,0.0035836709255219696,0.2682401361771512,1
x_aq_rtu_top/x_aq_rtu_retire/lsu_rtu_no_op,169309,0.11772121094130245,0.4208889032479077,1.3678187081204864,0.07114211294142662,-0.6233039061780871,1
x_aq_rtu_top/x_aq_rtu_retire/mmu_xx_mmu_en,0,0.0,0.0,0.0,0.0,,0
x_aq_rtu_top/x_aq_rtu_retire/pad_yy_icg_scan_en,0,0.0,0.0,0.0,0.0,,0
x_aq_rtu_top/x_aq_rtu_retire/retire_ctrl_commit_clear,134,9.317072492386423e-05,0.5251699253731343,1.7067146302132494,0.26865671641791045,0.00693396323575912,1
x_aq_rtu_top/x_aq_rtu_retire/retire_ctrl_commit_clear_for_bju,100,6.953039173422703e-05,0.5442520000000001,1.7687281888102186,0.32,0.006840670852323258,1
x_aq_rtu_top/x_aq_rtu_retire/retire_rbus_fs_dirty,2,1.3906078346845406e-06,0.492885,1.60179400965311,0.0,0.0012587476560768438,1
x_aq_rtu_top/x_aq_rtu_retire/retire_rbus_vs_dirty,0,0.0,0.0,0.0,0.0,,0
x_aq_rtu_top/x_aq_rtu_retire/retire_top_dbg_info[10:0],817642,0.5685096855835686,0.34564524131832763,1.1232893616336486,0.04968555920561811,0.6101721413744392,6
x_aq_rtu_top/x_aq_rtu_retire/rtu_cp0_epc[63:0],641828,0.44626552265995467,0.40993440641729567,1.3322184212340153,0.058654343531288754,0.15844921743343077,15
x_aq_rtu_top/x_aq_rtu_retire/rtu_cp0_exit_debug,0,0.0,0.0,0.0,0.0,,0
x_aq_rtu_top/x_aq_rtu_retire/rtu_cp0_tval[63:0],0,0.0,0.0,0.0,0.0,,0
x_aq_rtu_top/x_aq_rtu_retire/rtu_cp0_vstart[6:0],0,0.0,0.0,0.0,0.0,,0
x_aq_rtu_top/x_aq_rtu_retire/rtu_cp0_vstart_vld,0,0.0,0.0,0.0,0.0,,0
x_aq_rtu_top/x_aq_rtu_retire/rtu_cpu_no_retire,0,0.0,0.0,0.0,0.0,,0
x_aq_rtu_top/x_aq_rtu_retire/rtu_dtu_dpc[63:0],641782,0.4462335386797569,0.4099302637998573,1.3322049584185574,0.05865698944501404,0.15818991768158883,15
x_aq_rtu_top/x_aq_rtu_retire/rtu_dtu_halt_ack,0,0.0,0.0,0.0,0.0,,0
x_aq_rtu_top/x_aq_rtu_retire/rtu_dtu_pending_ack,0,0.0,0.0,0.0,0.0,,0
x_aq_rtu_top/x_aq_rtu_retire/rtu_dtu_retire_chgflw,35790,0.024884927201679855,0.4305615046102263,1.3992530486257249,0.08960603520536463,-0.15053374904077152,1
x_aq_rtu_top/x_aq_rtu_retire/rtu_dtu_retire_debug_expt_vld,0,0.0,0.0,0.0,0.0,,0
x_aq_rtu_top/x_aq_rtu_retire/rtu_dtu_retire_mret,0,0.0,0.0,0.0,0.0,,0
x_aq_rtu_top/x_aq_rtu_retire/rtu_dtu_retire_next_pc[39:0],641828,0.44626552265995467,0.40993440641729567,1.3322184212340153,0.058654343531288754,0.15844921743343077,15
x_aq_rtu_top/x_aq_rtu_retire/rtu_dtu_retire_sret,0,0.0,0.0,0.0,0.0,,0
x_aq_rtu_top/x_aq_rtu_retire/rtu_dtu_retire_vld,140199,0.09748091390746895,0.4377557465459811,1.4226331345213947,0.08619890298789577,0.6283542589296277,1
x_aq_rtu_top/x_aq_rtu_retire/rtu_hpcp_int_vld,0,0.0,0.0,0.0,0.0,,0
x_aq_rtu_top/x_aq_rtu_retire/rtu_hpcp_retire_inst_vld,140199,0.09748091390746895,0.4377557465459811,1.4226331345213947,0.08619890298789577,0.6283542589296277,1
x_aq_rtu_top/x_aq_rtu_retire/rtu_hpcp_retire_pc[39:0],641782,0.4462335386797569,0.4099302637998573,1.3322049584185574,0.05865698944501404,0.15818991768158883,15
x_aq_rtu_top/x_aq_rtu_retire/rtu_idu_flush_fe,0,0.0,0.0,0.0,0.0,,0
x_aq_rtu_top/x_aq_rtu_retire/rtu_idu_flush_stall,24,1.6687294016214486e-05,0.23943374999999997,0.7781197367718237,0.08333333333333333,-0.0064015501231923086,1
x_aq_rtu_top/x_aq_rtu_retire/rtu_idu_flush_wbt,0,0.0,0.0,0.0,0.0,,0
x_aq_rtu_top/x_aq_rtu_retire/rtu_idu_pipeline_empty,25526,0.017748327794078794,0.20731243673117608,0.6737308282511889,0.07067303925409386,-0.1991395719323998,1
x_aq_rtu_top/x_aq_rtu_retire/rtu_ifu_chgflw_pc[39:0],641828,0.44626552265995467,0.40993440641729567,1.3322184212340153,0.058654343531288754,0.15844921743343077,15
x_aq_rtu_top/x_aq_rtu_retire/rtu_ifu_chgflw_vld,0,0.0,0.0,0.0,0.0,,0
x_aq_rtu_top/x_aq_rtu_retire/rtu_ifu_dbg_mask,0,0.0,0.0,0.0,0.0,,0
x_aq_rtu_top/x_aq_rtu_retire/rtu_ifu_flush_fe,0,0.0,0.0,0.0,0.0,,0
x_aq_rtu_top/x_aq_rtu_retire/rtu_lsu_async_expt_ack,0,0.0,0.0,0.0,0.0,,0
x_aq_rtu_top/x_aq_rtu_retire/rtu_lsu_expt_ack,0,0.0,0.0,0.0,0.0,,0
x_aq_rtu_top/x_aq_rtu_retire/rtu_lsu_expt_exit,0,0.0,0.0,0.0,0.0,,0
x_aq_rtu_top/x_aq_rtu_retire/rtu_mmu_bad_vpn[26:0],0,0.0,0.0,0.0,0.0,,0
x_aq_rtu_top/x_aq_rtu_retire/rtu_mmu_expt_vld,0,0.0,0.0,0.0,0.0,,0
x_aq_rtu_top/x_aq_rtu_retire/rtu_pad_halted,0,0.0,0.0,0.0,0.0,,0
x_aq_rtu_top/x_aq_rtu_retire/rtu_pad_retire,139921,0.09728761941844781,0.43777226184775697,1.422686806496505,0.0863558722421938,0.6287617950057484,1
x_aq_rtu_top/x_aq_rtu_retire/rtu_pad_retire_pc[39:0],641782,0.4462335386797569,0.4099302637998573,1.3322049584185574,0.05865698944501404,0.15818991768158883,15
x_aq_rtu_top/x_aq_rtu_retire/rtu_vidu_flush_wbt,0,0.0,0.0,0.0,0.0,,0
x_aq_rtu_top/x_aq_rtu_retire/rtu_yy_xx_async_flush,0,0.0,0.0,0.0,0.0,,0
x_aq_rtu_top/x_aq_rtu_retire/rtu_yy_xx_dbgon,0,0.0,0.0,0.0,0.0,,0
x_aq_rtu_top/x_aq_rtu_retire/rtu_yy_xx_expt_int,0,0.0,0.0,0.0,0.0,,0
x_aq_rtu_top/x_aq_rtu_retire/rtu_yy_xx_expt_vec[4:0],0,0.0,0.0,0.0,0.0,,0
x_aq_rtu_top/x_aq_rtu_retire/rtu_yy_xx_expt_vld,0,0.0,0.0,0.0,0.0,,0
x_aq_rtu_top/x_aq_rtu_retire/rtu_yy_xx_flush,0,0.0,0.0,0.0,0.0,,0
x_aq_rtu_top/x_aq_rtu_retire/rtu_yy_xx_flush_fe,0,0.0,0.0,0.0,0.0,,0
x_aq_rtu_top/x_aq_rtu_retire/vidu_rtu_no_op,67257,0.046764055568689074,0.28472330567821935,0.9253032359353665,0.0319223277874422,0.48211757147869694,1
x_aq_rtu_top/x_aq_rtu_retire/vpu_rtu_no_op,107235,0.07456091557619836,0.40716326964144167,1.3232126890906302,0.05046859700657435,0.396567361980779,1
x_aq_rtu_top/x_aq_rtu_retire/wb_retire_wb_no_op,243510,0.16931345691201624,0.37767415539402904,1.2273779881939064,0.06750030799556486,-0.40511378729052056,1
x_aq_rtu_top/x_aq_rtu_retire/bkpt_req_buf_split_trigger_t1,0,0.0,0.0,0.0,0.0,,0
x_aq_rtu_top/x_aq_rtu_retire/bkpt_req_ebreak,0,0.0,0.0,0.0,0.0,,0
x_aq_rtu_top/x_aq_rtu_retire/bkpt_req_pending,0,0.0,0.0,0.0,0.0,,0
x_aq_rtu_top/x_aq_rtu_retire/bkpt_req_split_trigger_t1,0,0.0,0.0,0.0,0.0,,0
x_aq_rtu_top/x_aq_rtu_retire/bkpt_req_t1_retire_vld,139921,0.09728761941844781,0.43777226184775697,1.422686806496505,0.0863558722421938,0.6287617950057484,1
x_aq_rtu_top/x_aq_rtu_retire/bkpt_req_t1_retire_vld_raw,139921,0.09728761941844781,0.43777226184775697,1.422686806496505,0.0863558722421938,0.6287617950057484,1
x_aq_rtu_top/x_aq_rtu_retire/bkpt_req_trigger_t0,0,0.0,0.0,0.0,0.0,,0
x_aq_rtu_top/x_aq_rtu_retire/bkpt_req_trigger_t1,0,0.0,0.0,0.0,0.0,,0
x_aq_rtu_top/x_aq_rtu_retire/bkpt_req_trigger_t1_raw,0,0.0,0.0,0.0,0.0,,0
x_aq_rtu_top/x_aq_rtu_retire/halt_req,0,0.0,0.0,0.0,0.0,,0
x_aq_rtu_top/x_aq_rtu_retire/halt_req_buf_split_trigger_t1,0,0.0,0.0,0.0,0.0,,0
x_aq_rtu_top/x_aq_rtu_retire/halt_req_dm_async,0,0.0,0.0,0.0,0.0,,0
x_aq_rtu_top/x_aq_rtu_retire/halt_req_dm_sync,0,0.0,0.0,0.0,0.0,,0
x_aq_rtu_top/x_aq_rtu_retire/halt_req_ebreak,0,0.0,0.0,0.0,0.0,,0
x_aq_rtu_top/x_aq_rtu_retire/halt_req_pending,0,0.0,0.0,0.0,0.0,,0
x_aq_rtu_top/x_aq_rtu_retire/halt_req_reset,0,0.0,0.0,0.0,0.0,,0
x_aq_rtu_top/x_aq_rtu_retire/halt_req_split_trigger_t1,0,0.0,0.0,0.0,0.0,,0
x_aq_rtu_top/x_aq_rtu_retire/halt_req_step,0,0.0,0.0,0.0,0.0,,0
x_aq_rtu_top/x_aq_rtu_retire/halt_req_t1,0,0.0,0.0,0.0,0.0,,0
x_aq_rtu_top/x_aq_rtu_retire/halt_req_t1_raw,0,0.0,0.0,0.0,0.0,,0
x_aq_rtu_top/x_aq_rtu_retire/halt_req_t1_retire_vld,139921,0.09728761941844781,0.43777226184775697,1.422686806496505,0.0863558722421938,0.6287617950057484,1
x_aq_rtu_top/x_aq_rtu_retire/halt_req_t1_retire_vld_raw,139921,0.09728761941844781,0.43777226184775697,1.422686806496505,0.0863558722421938,0.6287617950057484,1
x_aq_rtu_top/x_aq_rtu_retire/halt_req_trigger_t0,0,0.0,0.0,0.0,0.0,,0
x_aq_rtu_top/x_aq_rtu_retire/halt_req_trigger_t1,0,0.0,0.0,0.0,0.0,,0
x_aq_rtu_top/x_aq_rtu_retire/halt_req_trigger_t1_raw,0,0.0,0.0,0.0,0.0,,0
x_aq_rtu_top/x_aq_rtu_retire/retire_async_expt,0,0.0,0.0,0.0,0.0,,0
x_aq_rtu_top/x_aq_rtu_retire/retire_async_expt_tval[63:0],0,0.0,0.0,0.0,0.0,,0
x_aq_rtu_top/x_aq_rtu_retire/retire_async_expt_vec[4:0],1,6.953039173422703e-07,0.26019000000000003,0.8455740859868788,0.0,0.003091127269222047,1
x_aq_rtu_top/x_aq_rtu_retire/retire_async_trap_vld,0,0.0,0.0,0.0,0.0,,0
x_aq_rtu_top/x_aq_rtu_retire/retire_bju_flush_req,0,0.0,0.0,0.0,0.0,,0
x_aq_rtu_top/x_aq_rtu_retire/retire_bkpt_expt,0,0.0,0.0,0.0,0.0,,0
x_aq_rtu_top/x_aq_rtu_retire/retire_bkpt_expt_lsu_trigger_t1,0,0.0,0.0,0.0,0.0,,0
x_aq_rtu_top/x_aq_rtu_retire/retire_bkpt_expt_split_lsu_trigger_t1,0,0.0,0.0,0.0,0.0,,0
x_aq_rtu_top/x_aq_rtu_retire/retire_bkpt_expt_t1,0,0.0,0.0,0.0,0.0,,0
x_aq_rtu_top/x_aq_rtu_retire/retire_chgflw_vld,0,0.0,0.0,0.0,0.0,,0
x_aq_rtu_top/x_aq_rtu_retire/retire_clk,0,0.0,0.0,0.0,0.0,,0
x_aq_rtu_top/x_aq_rtu_retire/retire_clk_en,134,9.317072492386423e-05,0.3301012686567164,1.072774044073608,0.2537313432835821,-0.0009637401258908611,1
x_aq_rtu_top/x_aq_rtu_retire/retire_commit_clear,134,9.317072492386423e-05,0.5251699253731343,1.7067146302132494,0.26865671641791045,0.00693396323575912,1
x_aq_rtu_top/x_aq_rtu_retire/retire_commit_clear_for_bju,100,6.953039173422703e-05,0.5442520000000001,1.7687281888102186,0.32,0.006840670852323258,1
x_aq_rtu_top/x_aq_rtu_retire/retire_cpu_no_op,25534,0.01775389022541753,0.20733889911490563,0.6738168265829279,0.0706900603117412,-0.19907873754069444,1
x_aq_rtu_top/x_aq_rtu_retire/retire_dbg_mode_async_trap_vld,0,0.0,0.0,0.0,0.0,,0
x_aq_rtu_top/x_aq_rtu_retire/retire_debug_flush,0,0.0,0.0,0.0,0.0,,0
x_aq_rtu_top/x_aq_rtu_retire/retire_ex2_retire_normal,139921,0.09728761941844781,0.43777226184775697,1.422686806496505,0.0863558722421938,0.6287617950057484,1
x_aq_rtu_top/x_aq_rtu_retire/retire_ex2_retire_vld,139921,0.09728761941844781,0.43777226184775697,1.422686806496505,0.0863558722421938,0.6287617950057484,1
x_aq_rtu_top/x_aq_rtu_retire/retire_exit_debug,0,0.0,0.0,0.0,0.0,,0
x_aq_rtu_top/x_aq_rtu_retire/retire_expt_debug,0,0.0,0.0,0.0,0.0,,0
x_aq_rtu_top/x_aq_rtu_retire/retire_expt_inst,0,0.0,0.0,0.0,0.0,,0
x_aq_rtu_top/x_aq_rtu_retire/retire_flush_be,0,0.0,0.0,0.0,0.0,,0
x_aq_rtu_top/x_aq_rtu_retire/retire_flush_fe,0,0.0,0.0,0.0,0.0,,0
x_aq_rtu_top/x_aq_rtu_retire/retire_flush_fe_set,0,0.0,0.0,0.0,0.0,,0
x_aq_rtu_top/x_aq_rtu_retire/retire_flush_wait,22,1.5296686181529945e-05,0.18920681818181817,0.6148905889795013,0.09090909090909091,-0.005780645296988399,1
x_aq_rtu_top/x_aq_rtu_retire/retire_fs_dirty,2,1.3906078346845406e-06,0.492885,1.60179400965311,0.0,0.0012587476560768438,1
x_aq_rtu_top/x_aq_rtu_retire/retire_halt_info[21:0],222924,0.15499993046960828,0.4292925937987835,1.3951293002127012,0.05644524591340547,0.4857118726298823,2
x_aq_rtu_top/x_aq_rtu_retire/retire_inst_expt,0,0.0,0.0,0.0,0.0,,0
x_aq_rtu_top/x_aq_rtu_retire/retire_inst_expt_vec[4:0],0,0.0,0.0,0.0,0.0,,0
x_aq_rtu_top/x_aq_rtu_retire/retire_inst_flush,10,6.953039173422703e-06,0.651845,2.1183874863757906,0.3,0.031829575520094834,1
x_aq_rtu_top/x_aq_rtu_retire/retire_inst_flush_fe_set,0,0.0,0.0,0.0,0.0,,0
x_aq_rtu_top/x_aq_rtu_retire/retire_int_inst,0,0.0,0.0,0.0,0.0,,0
x_aq_rtu_top/x_aq_rtu_retire/retire_int_vec[4:0],0,0.0,0.0,0.0,0.0,,0
x_aq_rtu_top/x_aq_rtu_retire/retire_mmu_trap,0,0.0,0.0,0.0,0.0,,0
x_aq_rtu_top/x_aq_rtu_retire/retire_pending_bkpt_expt,0,0.0,0.0,0.0,0.0,,0
x_aq_rtu_top/x_aq_rtu_retire/retire_pipeline_empty,25526,0.017748327794078794,0.20731243673117608,0.6737308282511889,0.07067303925409386,-0.1991395719323998,1
x_aq_rtu_top/x_aq_rtu_retire/retire_sync_expt,0,0.0,0.0,0.0,0.0,,0
x_aq_rtu_top/x_aq_rtu_retire/retire_sync_tval[39:0],20,1.3906078346845406e-05,0.5703055,1.8533977166524074,0.45,0.01931128287903895,14
x_aq_rtu_top/x_aq_rtu_retire/retire_sync_tval_64[63:0],20,1.3906078346845406e-05,0.5703055,1.8533977166524074,0.45,0.01931128287903895,14
x_aq_rtu_top/x_aq_rtu_retire/retire_trap_epc_64[63:0],641828,0.44626552265995467,0.40993440641729567,1.3322184212340153,0.058654343531288754,0.15844921743343077,15
x_aq_rtu_top/x_aq_rtu_retire/retire_trap_int,0,0.0,0.0,0.0,0.0,,0
x_aq_rtu_top/x_aq_rtu_retire/retire_trap_vld,0,0.0,0.0,0.0,0.0,,0
x_aq_rtu_top/x_aq_rtu_retire/retire_tval_use_pipeline,0,0.0,0.0,0.0,0.0,,0
x_aq_rtu_top/x_aq_rtu_retire/retire_vs_dirty,0,0.0,0.0,0.0,0.0,,0
x_aq_rtu_top/x_aq_rtu_retire/retire_vstart[6:0],0,0.0,0.0,0.0,0.0,,0
x_aq_rtu_top/x_aq_rtu_retire/retire_vstart_updt,0,0.0,0.0,0.0,0.0,,0
x_aq_rtu_top/x_aq_rtu_retire/x_retire_clk/clk_in,0,0.0,0.0,0.0,0.0,,0
x_aq_rtu_top/x_aq_rtu_retire/x_retire_clk/global_en,1,6.953039173422703e-07,0.26019000000000003,0.8455740859868788,0.0,0.003091127269222047,1
x_aq_rtu_top/x_aq_rtu_retire/x_retire_clk/module_en,0,0.0,0.0,0.0,0.0,,0
x_aq_rtu_top/x_aq_rtu_retire/x_retire_clk/local_en,134,9.317072492386423e-05,0.3301012686567164,1.072774044073608,0.2537313432835821,-0.0009637401258908611,1
x_aq_rtu_top/x_aq_rtu_retire/x_retire_clk/external_en,0,0.0,0.0,0.0,0.0,,0
x_aq_rtu_top/x_aq_rtu_retire/x_retire_clk/pad_yy_icg_scan_en,0,0.0,0.0,0.0,0.0,,0
x_aq_rtu_top/x_aq_rtu_retire/x_retire_clk/clk_out,0,0.0,0.0,0.0,0.0,,0
x_aq_rtu_top/x_aq_rtu_retire/x_retire_clk/clk_en_bf_latch,134,9.317072492386423e-05,0.3301012686567164,1.072774044073608,0.2537313432835821,-0.0009637401258908611,1
x_aq_rtu_top/x_aq_rtu_retire/x_retire_clk/SE,0,0.0,0.0,0.0,0.0,,0
x_aq_rtu_top/x_aq_rtu_wb/cp0_rtu_icg_en,0,0.0,0.0,0.0,0.0,,0
x_aq_rtu_top/x_aq_rtu_wb/cp0_yy_clk_en,1,6.953039173422703e-07,0.26019000000000003,0.8455740859868788,0.0,0.003091127269222047,1
x_aq_rtu_top/x_aq_rtu_wb/cpurst_b,3,2.0859117520268108e-06,0.13150000000000003,0.4273530585621068,0.0,0.003696138795964968,1
x_aq_rtu_top/x_aq_rtu_wb/forever_cpuclk,0,0.0,0.0,0.0,0.0,,0
x_aq_rtu_top/x_aq_rtu_wb/ifu_rtu_warm_up,2,1.3906078346845406e-06,0.7062949999999999,2.295340901118807,0.0,0.0025011227015259096,1
x_aq_rtu_top/x_aq_rtu_wb/lsu_rtu_wb_data[63:0],184791,0.12848590618959546,0.44901961621507547,1.4592388315125158,0.08326704222608244,,54
x_aq_rtu_top/x_aq_rtu_wb/lsu_rtu_wb_dest_reg[5:0],101570,0.0706220188844544,0.44230601388205176,1.4374207441285813,0.051580191001279904,-0.1243402032791186,5
x_aq_rtu_top/x_aq_rtu_wb/lsu_rtu_wb_vld,320,0.0002224972535495265,0.41600134375,1.3519349552662268,0.015625,0.015946879851041866,1
x_aq_rtu_top/x_aq_rtu_wb/pad_yy_icg_scan_en,0,0.0,0.0,0.0,0.0,,0
x_aq_rtu_top/x_aq_rtu_wb/rbus_wb_rbus_wb_data[63:0],259017,0.18009553475824283,0.42531548504538313,1.3822043603647942,0.081191582019713,0.21287544659924457,55
x_aq_rtu_top/x_aq_rtu_wb/rbus_wb_rbus_wb_dp,88285,0.061384906342562336,0.4164023534009175,1.3532381697212272,0.03318797077646259,0.2438083063182294,1
x_aq_rtu_top/x_aq_rtu_wb/rbus_wb_rbus_wb_preg[5:0],257564,0.17908525816634452,0.4311576944371108,1.4011905660858215,0.08418878414685282,0.4974144590467072,5
x_aq_rtu_top/x_aq_rtu_wb/rbus_wb_rbus_wb_vld,88273,0.06137656269555423,0.4163451568429758,1.3530522904514506,0.03307919748960611,0.241115484272865,1
x_aq_rtu_top/x_aq_rtu_wb/rtu_cp0_fflags[4:0],1010,0.000702256956515693,0.20886021782178218,0.6787608585405813,0.031683168316831684,-0.021367478272612248,1
x_aq_rtu_top/x_aq_rtu_wb/rtu_cp0_fflags_updt,0,0.0,0.0,0.0,0.0,,0
x_aq_rtu_top/x_aq_rtu_wb/rtu_cp0_vxsat,0,0.0,0.0,0.0,0.0,,0
x_aq_rtu_top/x_aq_rtu_wb/rtu_cp0_vxsat_vld,0,0.0,0.0,0.0,0.0,,0
x_aq_rtu_top/x_aq_rtu_wb/rtu_idu_wb0_data[63:0],264237,0.18372502120676948,0.44378166119809115,1.442216351686516,0.07916378099963291,0.14804062242521343,55
x_aq_rtu_top/x_aq_rtu_wb/rtu_idu_wb0_reg[5:0],343554,0.23887444201860633,0.3945999876875251,1.282384118987327,0.06382111691320724,0.3616145961881848,5
x_aq_rtu_top/x_aq_rtu_wb/rtu_idu_wb0_vld,88273,0.06137656269555423,0.43840614049596144,1.4247468063373216,0.03403079084204683,0.25177307505755886,1
x_aq_rtu_top/x_aq_rtu_wb/rtu_idu_wb1_data[63:0],184791,0.12848590618959546,0.44901961621507547,1.4592388315125158,0.08326704222608244,,54
x_aq_rtu_top/x_aq_rtu_wb/rtu_idu_wb1_reg[5:0],101570,0.0706220188844544,0.44230601388205176,1.4374207441285813,0.051580191001279904,-0.1243402032791186,5
x_aq_rtu_top/x_aq_rtu_wb/rtu_idu_wb1_vld,320,0.0002224972535495265,0.41600134375,1.3519349552662268,0.015625,0.015946879851041866,1
x_aq_rtu_top/x_aq_rtu_wb/rtu_vpu_gpr_wb_grnt,157452,0.10947699239337515,0.4525707039605722,1.4707792741684889,0.09430175545563092,-0.6054544690829516,1
x_aq_rtu_top/x_aq_rtu_wb/vpu_rtu_fflag[5:0],1010,0.000702256956515693,0.20886021782178218,0.6787608585405813,0.031683168316831684,-0.021367478272612248,1
x_aq_rtu_top/x_aq_rtu_wb/vpu_rtu_fflag_vld,0,0.0,0.0,0.0,0.0,,0
x_aq_rtu_top/x_aq_rtu_wb/vpu_rtu_gpr_wb_data[63:0],17808,0.01238197216003115,0.39341776898023356,1.2785421054477804,0.07176549865229111,-0.05142065958542155,53
x_aq_rtu_top/x_aq_rtu_wb/vpu_rtu_gpr_wb_index[5:0],98718,0.06863901211219424,0.296065801272311,0.9621644540635969,0.04226179622763832,-0.25429427400069937,2
x_aq_rtu_top/x_aq_rtu_wb/vpu_rtu_gpr_wb_req,0,0.0,0.0,0.0,0.0,,0
x_aq_rtu_top/x_aq_rtu_wb/wb_retire_wb_no_op,243510,0.16931345691201624,0.37767415539402904,1.2273779881939064,0.06750030799556486,-0.40511378729052056,1
x_aq_rtu_top/x_aq_rtu_wb/rbus_wb_clk,0,0.0,0.0,0.0,0.0,,0
x_aq_rtu_top/x_aq_rtu_wb/rbus_wb_clk_en,88287,0.06138629695039702,0.41640892045261474,1.3532595115434973,0.03318721895635824,0.2438222936423905,1
x_aq_rtu_top/x_aq_rtu_wb/wb_clk,0,0.0,0.0,0.0,0.0,,0
x_aq_rtu_top/x_aq_rtu_wb/wb_clk_en,157443,0.10947073465811906,0.4450458723474527,1.4463248269819378,0.09911523535501737,0.5514185992911724,1
x_aq_rtu_top/x_aq_rtu_wb/wb_lsu_wb_vld,320,0.0002224972535495265,0.41600134375,1.3519349552662268,0.015625,0.015946879851041866,1
x_aq_rtu_top/x_aq_rtu_wb/wb_vpu_data[63:0],17808,0.01238197216003115,0.39341776898023356,1.2785421054477804,0.07176549865229111,-0.05142065958542155,53
x_aq_rtu_top/x_aq_rtu_wb/wb_vpu_preg[5:0],98718,0.06863901211219424,0.296065801272311,0.9621644540635969,0.04226179622763832,-0.25429427400069937,2
x_aq_rtu_top/x_aq_rtu_wb/wb_vpu_wb_grant,157452,0.10947699239337515,0.4525707039605722,1.4707792741684889,0.09430175545563092,-0.6054544690829516,1
x_aq_rtu_top/x_aq_rtu_wb/wb_vpu_wb_vld,0,0.0,0.0,0.0,0.0,,0
x_aq_rtu_top/x_aq_rtu_wb/wb_wb0_data[63:0],264237,0.18372502120676948,0.44378166119809115,1.442216351686516,0.07916378099963291,0.14804062242521343,55
x_aq_rtu_top/x_aq_rtu_wb/wb_wb0_preg[5:0],343554,0.23887444201860633,0.3945999876875251,1.282384118987327,0.06382111691320724,0.3616145961881848,5
x_aq_rtu_top/x_aq_rtu_wb/wb_wb0_vld,88273,0.06137656269555423,0.43840614049596144,1.4247468063373216,0.03403079084204683,0.25177307505755886,1
x_aq_rtu_top/x_aq_rtu_wb/wb_wb1_data[63:0],184791,0.12848590618959546,0.44901961621507547,1.4592388315125158,0.08326704222608244,,54
x_aq_rtu_top/x_aq_rtu_wb/wb_wb1_preg[5:0],101570,0.0706220188844544,0.44230601388205176,1.4374207441285813,0.051580191001279904,-0.1243402032791186,5
x_aq_rtu_top/x_aq_rtu_wb/wb_wb1_vld,320,0.0002224972535495265,0.41600134375,1.3519349552662268,0.015625,0.015946879851041866,1
x_aq_rtu_top/x_aq_rtu_wb/wb_wb_lsu_data[63:0],184791,0.12848590618959546,0.44901961621507547,1.4592388315125158,0.08326704222608244,,54
x_aq_rtu_top/x_aq_rtu_wb/wb_wb_lsu_reg[5:0],101570,0.0706220188844544,0.44230601388205176,1.4374207441285813,0.051580191001279904,-0.1243402032791186,5
x_aq_rtu_top/x_aq_rtu_wb/x_wb_clk/clk_in,0,0.0,0.0,0.0,0.0,,0
x_aq_rtu_top/x_aq_rtu_wb/x_wb_clk/global_en,1,6.953039173422703e-07,0.26019000000000003,0.8455740859868788,0.0,0.003091127269222047,1
x_aq_rtu_top/x_aq_rtu_wb/x_wb_clk/module_en,0,0.0,0.0,0.0,0.0,,0
x_aq_rtu_top/x_aq_rtu_wb/x_wb_clk/local_en,157443,0.10947073465811906,0.4450458723474527,1.4463248269819378,0.09911523535501737,0.5514185992911724,1
x_aq_rtu_top/x_aq_rtu_wb/x_wb_clk/external_en,0,0.0,0.0,0.0,0.0,,0
x_aq_rtu_top/x_aq_rtu_wb/x_wb_clk/pad_yy_icg_scan_en,0,0.0,0.0,0.0,0.0,,0
x_aq_rtu_top/x_aq_rtu_wb/x_wb_clk/clk_out,0,0.0,0.0,0.0,0.0,,0
x_aq_rtu_top/x_aq_rtu_wb/x_wb_clk/clk_en_bf_latch,157443,0.10947073465811906,0.4450458723474527,1.4463248269819378,0.09911523535501737,0.5514185992911724,1
x_aq_rtu_top/x_aq_rtu_wb/x_wb_clk/SE,0,0.0,0.0,0.0,0.0,,0
x_aq_rtu_top/x_aq_rtu_wb/x_rbus_wb_clk/clk_in,0,0.0,0.0,0.0,0.0,,0
x_aq_rtu_top/x_aq_rtu_wb/x_rbus_wb_clk/global_en,1,6.953039173422703e-07,0.26019000000000003,0.8455740859868788,0.0,0.003091127269222047,1
x_aq_rtu_top/x_aq_rtu_wb/x_rbus_wb_clk/module_en,0,0.0,0.0,0.0,0.0,,0
x_aq_rtu_top/x_aq_rtu_wb/x_rbus_wb_clk/local_en,88287,0.06138629695039702,0.41640892045261474,1.3532595115434973,0.03318721895635824,0.2438222936423905,1
x_aq_rtu_top/x_aq_rtu_wb/x_rbus_wb_clk/external_en,0,0.0,0.0,0.0,0.0,,0
x_aq_rtu_top/x_aq_rtu_wb/x_rbus_wb_clk/pad_yy_icg_scan_en,0,0.0,0.0,0.0,0.0,,0
x_aq_rtu_top/x_aq_rtu_wb/x_rbus_wb_clk/clk_out,0,0.0,0.0,0.0,0.0,,0
x_aq_rtu_top/x_aq_rtu_wb/x_rbus_wb_clk/clk_en_bf_latch,88287,0.06138629695039702,0.41640892045261474,1.3532595115434973,0.03318721895635824,0.2438222936423905,1
x_aq_rtu_top/x_aq_rtu_wb/x_rbus_wb_clk/SE,0,0.0,0.0,0.0,0.0,,0
